house_id,city,sale_price,sale_date,months_listed,bedrooms,house_type,area
1217792,Silvertown,55943,2021-09-12,5.4,2,Semi-detached,107.8 sq.m.
1900913,Silvertown,384677,2021-01-17,6.3,5,Detached,498.8 sq.m.
1174927,Riverford,281707,2021-11-10,6.9,6,Detached,542.5 sq.m.
1773666,Silvertown,373251,2020-04-13,6.1,6,Det.,528.4 sq.m.
1258487,Silvertown,328885,2020-09-24,8.7,5,Detached,477.1 sq.m.
1539789,Riverford,47143,2020-09-25,5.1,2,Semi-detached,123.2 sq.m.
1353069,Teasdale,429914,2021-05-18,NA,6,Detached,544.6 sq.m.
1155864,Teasdale,284440,2020-10-15,5.8,4,Detached,371.3 sq.m.
1608726,Teasdale,87134,2021-01-07,4.4,2,Semi-detached,125.7 sq.m.
1358764,Poppleton,211203,2020-05-04,3,4,Detached,371.5 sq.m.
1277089,Teasdale,382655,2021-10-26,4.6,5,Detached,428.8 sq.m.
1117876,Riverford,54934,2020-06-11,3.7,2,Semi-detached,147.7 sq.m.
1710056,Silvertown,297101,2022-10-10,5.8,4,Detached,395.6 sq.m.
1860591,Poppleton,171502,2021-08-04,6.2,4,Detached,304.4 sq.m.
1470021,Riverford,158198,2020-08-18,5.3,4,Detached,316.8 sq.m.
1396614,Teasdale,428808,2021-07-18,3.5,6,Detached,554.3 sq.m.
1369220,Teasdale,269688,2020-11-23,5,4,Detached,374.9 sq.m.
1195530,Silvertown,208965,2020-06-05,4.6,3,Detached,294.3 sq.m.
1384054,Silvertown,257146,2020-11-19,5.5,4,Detached,397.0 sq.m.
1070852,Riverford,160653,2020-02-25,6.9,4,Detached,316.3 sq.m.
1239607,Poppleton,173098,2020-04-16,NA,3,Detached,296.9 sq.m.
1234703,Poppleton,44759,2020-01-14,7.8,2,Terraced,155.8 sq.m.
1029340,Teasdale,257485,2022-12-28,4.9,4,Detached,340.0 sq.m.
1230625,Silvertown,360545,2020-04-07,6.2,6,Detached,512.9 sq.m.
1509752,Poppleton,299439,2020-01-09,4.7,6,Detached,533.1 sq.m.
1690505,Poppleton,181902,2021-08-29,8.9,4,Detached,310.6 sq.m.
1333241,Riverford,247401,2022-05-20,3.7,5,Detached,486.5 sq.m.
1460636,Silvertown,297446,2021-12-13,4.7,5,Detached,424.8 sq.m.
1925995,Teasdale,429022,2020-10-27,5.9,6,Detached,532.8 sq.m.
1751885,Riverford,74877,2022-08-22,3.8,3,Semi-detached,209.8 sq.m.
1357314,Teasdale,415389,2022-11-14,4.8,6,Detached,520.9 sq.m.
1598280,Teasdale,91672,2020-04-13,7.6,3,Terraced,229.4 sq.m.
1042443,Silvertown,76722,2021-04-02,6.4,2,Semi-detached,160.2 sq.m.
1418816,Teasdale,202506,2020-01-31,5.8,3,Detached,254.8 sq.m.
1865882,Silvertown,77037,2020-09-29,6.4,2,Semi,168.6 sq.m.
1247170,Silvertown,396370,2022-09-05,5.4,6,Det.,553.8 sq.m.
1883852,Silvertown,91287,2020-07-23,7.9,2,Semi-detached,175.4 sq.m.
1862984,Teasdale,197265,2020-10-14,6.1,3,Detached,254.9 sq.m.
1183122,Riverford,89504,2020-08-03,6.6,3,Semi-detached,228.8 sq.m.
1948789,Riverford,215858,2020-07-05,5.4,5,Detached,428.7 sq.m.
1789755,Poppleton,141265,2022-04-03,4.1,3,Detached,246.1 sq.m.
1734155,Silvertown,309230,2022-01-14,7.4,5,Detached,461.7 sq.m.
1685700,Teasdale,77482,2021-03-19,7.1,2,Semi-detached,125.5 sq.m.
1629610,Teasdale,305026,2022-04-29,5.4,4,Detached,392.1 sq.m.
1377013,Riverford,224905,2022-10-16,6.9,5,Detached,455.4 sq.m.
1223765,Silvertown,299889,2022-08-02,6.7,5,Detached,420.2 sq.m.
1257849,Poppleton,183020,2021-09-30,5.5,3,Detached,298.4 sq.m.
1650856,Poppleton,266342,2020-09-29,3.9,5,Detached,462.6 sq.m.
1737725,Teasdale,320752,2021-09-07,5.1,5,Detached,408.9 sq.m.
1626594,Poppleton,286361,2022-07-30,4.3,5,Detached,484.1 sq.m.
1513904,Teasdale,375974,2022-01-03,6.1,6,Detached,510.9 sq.m.
1517850,Silvertown,201771,2020-12-27,5.8,3,Detached,271.4 sq.m.
1915202,Teasdale,349648,2020-06-15,5.4,5,Detached,439.3 sq.m.
1910882,Silvertown,79784,2022-09-07,6.9,2,Semi-detached,149.5 sq.m.
1303283,Teasdale,239106,2022-09-17,5,4,Detached,317.3 sq.m.
1037597,Poppleton,50975,2022-09-23,7.8,2,Semi-detached,119.1 sq.m.
1075629,Teasdale,340734,2021-06-05,8.1,5,Detached,408.3 sq.m.
1028805,Riverford,245261,2022-08-06,6.5,6,Detached,552.9 sq.m.
1161276,Silvertown,418131,2022-05-10,7.7,6,Detached,592.1 sq.m.
1631243,Riverford,205905,2021-02-28,7.6,4,Detached,382.5 sq.m.
1010355,Poppleton,61207,2020-06-27,5.2,2,Semi-detached,145.0 sq.m.
1289493,Silvertown,63949,2020-10-06,2.6,2,Terraced,181.8 sq.m.
1197355,Teasdale,285132,2022-12-18,3.8,4,Detached,337.3 sq.m.
1351812,Riverford,229931,2021-12-22,3.5,5,Detached,440.4 sq.m.
1505538,Silvertown,380205,2022-12-19,4.2,6,Detached,520.7 sq.m.
1433252,Teasdale,316508,2021-07-31,1.2,4,Detached,383.6 sq.m.
1882469,Teasdale,456663,2020-09-28,8,6,Detached,598.5 sq.m.
1094683,Riverford,173451,2021-12-22,5.6,4,Detached,346.1 sq.m.
1512144,Silvertown,429969,2022-05-16,8.1,6,Detached,589.1 sq.m.
1385300,Poppleton,215575,2022-10-02,6.3,4,Detached,349.9 sq.m.
1222170,Teasdale,187712,2021-08-04,6.5,3,Detached,240.3 sq.m.
1734425,Poppleton,210941,2021-05-23,7.8,4,Detached,334.7 sq.m.
1534182,Poppleton,160239,2020-11-13,6.6,3,Detached,271.9 sq.m.
1358048,Teasdale,256985,2020-03-08,8.1,4,Detached,309.3 sq.m.
1648119,Silvertown,184410,2021-11-06,3.3,3,Detached,275.0 sq.m.
1101259,Silvertown,332355,2022-02-04,7.3,5,Detached,453.3 sq.m.
1000296,Silvertown,268043,2020-06-04,7.4,4,Detached,394.7 sq.m.
1981646,Riverford,26348,2022-10-03,NA,2,Terraced,109.0 sq.m.
1783843,Riverford,43047,2021-04-20,9.4,2,Semi-detached,110.3 sq.m.
1203285,Silvertown,359392,2022-02-25,8.9,6,Detached,523.7 sq.m.
1624288,Silvertown,69405,2020-06-18,7.8,3,Terraced,201.2 sq.m.
1487654,--,72586,2020-05-28,5.4,2,Semi-detached,147.4 sq.m.
1932412,Teasdale,201099,2020-12-28,7.8,3,Detached,246.7 sq.m.
1579084,Teasdale,59814,2021-02-13,6.9,2,Terraced,148.3 sq.m.
1926110,Poppleton,67184,2021-05-14,7.8,2,Semi-detached,144.1 sq.m.
1589617,Poppleton,157600,2021-10-11,NA,3,Detached,260.3 sq.m.
1655164,Silvertown,210697,2020-06-24,8.8,4,Detached,308.3 sq.m.
1546532,Silvertown,245619,2021-02-24,6.4,4,Detached,363.4 sq.m.
1722810,Silvertown,351162,2021-06-04,6,5,Detached,463.3 sq.m.
1690740,--,338647,2022-12-28,3.7,5,Detached,459.5 sq.m.
1552726,Riverford,143188,2022-02-11,7.1,3,Detached,285.4 sq.m.
1548631,Teasdale,318442,2020-06-03,5.6,4,Detached,373.1 sq.m.
1582571,Teasdale,98395,2022-03-10,5.9,2,Semi-detached,160.1 sq.m.
1584947,Teasdale,151648,2020-07-11,7.1,2,Detached,192.4 sq.m.
1821125,Silvertown,269871,2020-05-28,3.6,5,Detached,415.7 sq.m.
1879053,Teasdale,87891,2022-07-08,3.2,2,Semi,147.6 sq.m.
1079746,Poppleton,162407,2021-11-09,8.5,3,Detached,293.5 sq.m.
1138391,Poppleton,273335,2021-12-04,NA,5,Detached,464.4 sq.m.
1472754,Riverford,168295,2020-07-16,6.2,4,Detached,329.0 sq.m.
1236600,Teasdale,336904,2021-09-15,7.6,5,Detached,450.9 sq.m.
1735694,Silvertown,52920,2021-04-24,3.5,2,Terraced,151.8 sq.m.
1731318,Poppleton,190121,2021-03-18,4.3,4,Detached,310.2 sq.m.
1036836,Riverford,211025,2020-04-10,4.4,5,Detached,408.3 sq.m.
1176670,Riverford,282420,2021-06-04,5.3,6,Detached,561.3 sq.m.
1110512,Poppleton,95564,2022-11-28,4.5,3,Semi-detached,210.3 sq.m.
1189566,Silvertown,366021,2021-08-11,10.4,5,Detached,491.9 sq.m.
1563589,Silvertown,227392,2021-05-28,4.7,4,Detached,319.7 sq.m.
1471465,Silvertown,254781,2021-01-27,9.2,4,Detached,373.5 sq.m.
1235265,Teasdale,408029,2020-12-25,5.1,5,Detached,495.3 sq.m.
1262675,Silvertown,301292,2021-10-07,4.8,5,Det.,435.2 sq.m.
1729386,Silvertown,113242,2022-06-14,8,3,Semi-detached,235.1 sq.m.
1268745,Silvertown,245426,2020-07-14,6.9,4,Detached,365.5 sq.m.
1161942,Poppleton,71597,2021-04-20,5.2,3,Terraced,223.0 sq.m.
1462894,Poppleton,362570,2020-05-16,7.6,6,Detached,563.8 sq.m.
1013721,Silvertown,383336,2020-09-13,3.7,6,Detached,559.9 sq.m.
1115973,Silvertown,102825,2022-02-26,6.1,2,Semi-detached,193.5 sq.m.
1856639,Teasdale,452661,2022-07-27,1.7,6,Detached,570.2 sq.m.
1541723,Silvertown,128097,2021-07-23,8,2,Detached,196.9 sq.m.
1688040,Poppleton,324382,2020-07-05,7.3,6,Detached,538.8 sq.m.
1345063,Poppleton,316638,2020-12-22,6.3,6,Detached,532.4 sq.m.
1017461,Riverford,52380,2021-06-06,10.2,3,Terraced,208.6 sq.m.
1384509,Teasdale,139212,2021-01-09,0.8,3,Semi-detached,210.5 sq.m.
1789270,Silvertown,212638,2022-10-05,5.7,4,Detached,318.1 sq.m.
1748617,Teasdale,269311,2020-02-07,6.1,4,Detached,380.8 sq.m.
1941287,Poppleton,66253,2022-02-22,4.3,2,Semi-detached,140.0 sq.m.
1553504,Poppleton,53400,2021-01-19,7.4,2,Terraced,163.2 sq.m.
1500060,Poppleton,280043,2021-02-20,2.6,5,Detached,455.0 sq.m.
1852386,Riverford,217948,2022-02-11,2,5,Detached,453.7 sq.m.
1076417,Silvertown,179314,2020-01-17,5.3,3,Detached,251.2 sq.m.
1924904,Poppleton,229070,2021-04-30,8.5,4,Detached,388.2 sq.m.
1265706,Teasdale,441050,2021-07-04,3.5,6,Detached,570.8 sq.m.
1409662,--,357657,2021-08-06,8.7,6,Detached,591.5 sq.m.
1032875,Silvertown,354427,2021-05-14,2.3,5,Det.,468.1 sq.m.
1286417,Silvertown,386001,2022-09-17,4.5,6,Detached,526.0 sq.m.
1182802,Teasdale,319386,2020-11-26,6.1,5,Detached,404.8 sq.m.
1831163,Silvertown,267777,2022-12-10,5.9,4,Detached,378.1 sq.m.
1826227,Silvertown,331802,2020-11-06,4.5,6,Detached,500.9 sq.m.
1844551,Teasdale,455750,2022-05-18,4.5,6,Detached,562.3 sq.m.
1462292,Riverford,146841,2020-11-13,5,4,Detached,325.1 sq.m.
1683098,Riverford,129772,2022-08-03,6.9,3,Detached,263.4 sq.m.
1947450,Poppleton,273134,2020-02-13,4.5,5,Detached,486.5 sq.m.
1269475,Poppleton,51167,2021-08-14,7.1,2,Semi-detached,117.4 sq.m.
1261658,Poppleton,125551,2020-06-09,4.3,3,Detached,224.1 sq.m.
1245207,Silvertown,334500,2021-02-19,6.5,5,Detached,473.8 sq.m.
1281028,Riverford,229632,2020-01-10,6.4,6,Detached,504.4 sq.m.
1462313,Teasdale,509536,2022-09-21,8.1,6,Detached,587.4 sq.m.
1429810,Teasdale,206593,2022-12-21,6.9,3,Detached,269.2 sq.m.
1010812,Riverford,296638,2021-01-10,6.1,6,Detached,557.5 sq.m.
1091914,--,94535,2021-09-16,NA,2,Semi-detached,187.3 sq.m.
1850313,Poppleton,222766,2020-01-07,8.5,4,Detached,397.0 sq.m.
1506704,Silvertown,256261,2020-06-29,8.6,4,Detached,379.2 sq.m.
1868812,Silvertown,263779,2022-01-08,9.2,4,Detached,383.5 sq.m.
1315287,Silvertown,144728,2022-05-18,3.7,3,Detached,202.1 sq.m.
1692792,Riverford,35548,2020-01-22,10.2,2,Terraced,136.9 sq.m.
1776487,Silvertown,318196,2020-07-27,2,5,Detached,470.8 sq.m.
1828946,Teasdale,286527,2022-10-14,7.1,4,Detached,345.2 sq.m.
1727493,Riverford,59039,2020-10-08,6.7,2,Semi-detached,150.8 sq.m.
1067695,Poppleton,346812,2020-10-07,6.6,6,Detached,566.2 sq.m.
1945061,Teasdale,309372,2022-04-04,6.1,5,Detached,402.6 sq.m.
1045300,Teasdale,263255,2022-02-23,4.4,4,Detached,364.6 sq.m.
1421698,Poppleton,332567,2022-06-20,4.5,6,Detached,565.0 sq.m.
1149299,Poppleton,127143,2022-07-12,6.5,3,Detached,240.4 sq.m.
1573891,Teasdale,419696,2022-01-10,4.8,6,Detached,559.4 sq.m.
1214267,--,140986,2022-02-10,3.7,3,Semi-detached,226.1 sq.m.
1437188,Riverford,197759,2022-04-16,6.6,4,Detached,382.9 sq.m.
1608672,Silvertown,116013,2020-01-15,7.5,3,Semi-detached,207.0 sq.m.
1176545,Silvertown,314469,2021-02-14,4.7,5,Det.,475.2 sq.m.
1728821,Teasdale,348439,2020-01-17,7.3,5,Detached,452.8 sq.m.
1527410,Silvertown,298567,2022-04-09,5,5,Det.,418.4 sq.m.
1525711,Silvertown,238000,2021-03-01,4.3,4,Detached,354.4 sq.m.
1488937,Poppleton,194180,2020-09-08,3,4,Detached,310.2 sq.m.
1318782,Teasdale,82092,2022-07-20,4.6,3,Terraced,219.2 sq.m.
1982588,Poppleton,315322,2020-10-01,5.9,6,Detached,556.0 sq.m.
1529229,Silvertown,252919,2022-09-21,6.2,4,Detached,355.7 sq.m.
1919512,Poppleton,50443,2020-12-14,3.9,2,Semi-detached,115.8 sq.m.
1161250,Riverford,209008,2021-08-30,5.2,5,Detached,410.6 sq.m.
1988984,Silvertown,224529,2020-04-12,9.6,4,Detached,326.3 sq.m.
1060270,Teasdale,493150,2020-01-16,9.7,6,Detached,571.8 sq.m.
1071778,Teasdale,447055,2022-11-26,NA,6,Detached,547.6 sq.m.
1687847,Poppleton,35158,2020-08-09,8,2,Terraced,124.2 sq.m.
1249631,Teasdale,66955,2022-12-16,NA,2,Terraced,153.0 sq.m.
1788752,Teasdale,192159,2020-04-12,6.8,3,Det.,261.0 sq.m.
1345608,--,187927,2021-12-24,6.2,3,Detached,266.1 sq.m.
1940329,--,406282,2022-03-29,2.2,6,Detached,571.4 sq.m.
1619876,Poppleton,46581,2021-10-11,6.9,2,Terraced,147.3 sq.m.
1733693,Riverford,313445,2021-04-17,8.6,6,Detached,591.6 sq.m.
1159626,Poppleton,96441,2021-10-12,2.5,3,Semi-detached,220.6 sq.m.
1627838,Teasdale,251786,2022-03-03,3.7,4,Detached,354.0 sq.m.
1102880,Teasdale,501427,2022-09-02,4.8,6,Detached,596.7 sq.m.
1564018,Silvertown,196885,2021-08-28,4.5,3,Detached,291.1 sq.m.
1380656,--,186001,2021-08-18,5.5,3,Detached,281.6 sq.m.
1643636,Teasdale,344388,2021-03-13,8.5,5,Det.,467.8 sq.m.
1150963,Poppleton,291063,2022-07-19,4.6,5,Detached,474.2 sq.m.
1007511,--,263040,2020-04-23,4.2,5,Detached,443.6 sq.m.
1803730,Silvertown,318996,2022-01-17,5.2,5,Detached,427.2 sq.m.
1037981,Silvertown,98234,2022-03-14,3.6,2,Semi-detached,195.5 sq.m.
1978854,Teasdale,449907,2022-09-30,6.2,6,Detached,579.7 sq.m.
1166157,Riverford,258044,2022-01-20,4,6,Detached,515.1 sq.m.
1096258,Poppleton,183004,2022-06-18,5,4,Detached,338.9 sq.m.
1594453,Teasdale,283127,2021-06-25,3.3,4,Detached,360.7 sq.m.
1167858,Silvertown,364186,2022-06-15,5.9,5,Detached,489.7 sq.m.
1567991,Silvertown,111965,2022-06-14,9.6,3,Semi-detached,218.6 sq.m.
1924543,Silvertown,73221,2022-01-25,8.3,3,Terraced,220.4 sq.m.
1847369,Silvertown,57602,2021-07-15,4.8,2,Semi-detached,113.4 sq.m.
1081697,Teasdale,307538,2021-09-24,4.9,5,Detached,407.8 sq.m.
1035135,Teasdale,190517,2021-03-09,6.8,3,Detached,239.2 sq.m.
1176419,Teasdale,149373,2022-11-28,6.4,3,Semi-detached,221.7 sq.m.
1889338,Riverford,268716,2022-09-02,6.6,6,Detached,526.6 sq.m.
1644080,Teasdale,345701,2020-11-10,8.1,5,Detached,435.1 sq.m.
1442229,Silvertown,115173,2021-12-21,6.7,3,Semi-detached,219.4 sq.m.
1448759,Riverford,57616,2020-06-28,10.7,2,Semi-detached,155.0 sq.m.
1780975,--,44968,2021-10-26,6.9,2,Semi-detached,124.3 sq.m.
1599167,Poppleton,30608,2021-03-14,4.1,2,Terraced,102.4 sq.m.
1237166,Silvertown,108829,2020-02-20,2.7,3,Semi-detached,226.6 sq.m.
1130002,Poppleton,343253,2022-08-05,3.8,6,Detached,544.1 sq.m.
1649002,Teasdale,496913,2020-02-15,6.7,6,Det.,582.0 sq.m.
1221595,Riverford,297818,2021-04-27,6.4,6,Detached,555.1 sq.m.
1731309,Poppleton,320985,2022-05-05,3.4,5,Detached,482.1 sq.m.
1715748,Teasdale,280447,2022-11-13,6.3,4,Detached,354.9 sq.m.
1547654,Silvertown,240690,2020-08-10,7,4,Detached,359.1 sq.m.
1258196,Poppleton,169287,2022-12-13,4.1,3,Detached,254.7 sq.m.
1426605,Riverford,281208,2021-11-26,9.1,6,Det.,551.7 sq.m.
1549920,Riverford,28517,2022-12-29,4.9,2,Terraced,114.5 sq.m.
1700474,Teasdale,253929,2021-10-18,7.5,3,Detached,288.5 sq.m.
1960809,Silvertown,69767,2020-07-30,3.2,2,Terraced,197.3 sq.m.
1850041,Poppleton,61313,2022-10-17,4.1,2,Semi-detached,125.6 sq.m.
1694974,Silvertown,180249,2022-06-10,5.7,3,Det.,248.3 sq.m.
1552267,Poppleton,188541,2021-02-07,6.5,3,Detached,296.4 sq.m.
1436311,--,114865,2020-09-29,5.3,2,Semi-detached,197.8 sq.m.
1646556,Riverford,283517,2021-01-22,6.9,6,Detached,541.1 sq.m.
1969099,--,158584,2020-08-20,4.1,3,Detached,241.1 sq.m.
1491743,Silvertown,253081,2021-01-25,4.9,4,Detached,373.4 sq.m.
1473953,Teasdale,74855,2022-10-01,5.4,3,Terraced,205.5 sq.m.
1531316,Teasdale,222602,2022-08-07,5.8,3,Detached,278.7 sq.m.
1246779,Silvertown,361507,2022-08-18,3.3,6,Detached,505.3 sq.m.
1361643,Poppleton,290760,2021-05-10,6.9,6,Detached,507.7 sq.m.
1289616,Silvertown,129211,2020-12-22,2.7,3,Semi-detached,233.1 sq.m.
1572330,Poppleton,55775,2020-03-22,6.9,2,Semi-detached,124.3 sq.m.
1229417,Teasdale,459909,2021-06-03,2.8,6,Detached,563.7 sq.m.
1207578,Silvertown,110808,2022-12-11,5.7,2,Detached,181.7 sq.m.
1915132,Poppleton,234585,2021-08-28,8.2,4,Detached,392.9 sq.m.
1987264,Silvertown,185864,2021-11-24,4.5,3,Detached,251.0 sq.m.
1179393,--,106067,2022-12-01,6.4,2,Semi-detached,199.5 sq.m.
1480556,Poppleton,143888,2022-12-05,4.2,3,Detached,249.5 sq.m.
1435028,Poppleton,155078,2020-02-09,11.4,3,Detached,274.2 sq.m.
1892989,Silvertown,246488,2021-01-05,4.9,4,Detached,351.1 sq.m.
1564132,Poppleton,66189,2021-02-25,7.7,3,Terraced,212.3 sq.m.
1948436,Teasdale,291468,2022-09-26,6,4,Detached,335.1 sq.m.
1406027,Silvertown,424964,2020-03-15,8.2,6,Detached,587.7 sq.m.
1245874,Silvertown,368273,2021-01-16,6.3,6,Detached,527.6 sq.m.
1618928,Silvertown,56447,2022-11-23,7.7,2,Semi,101.0 sq.m.
1135020,Teasdale,471186,2020-05-17,3.7,6,Detached,597.2 sq.m.
1569966,Silvertown,60728,2021-12-07,4.5,2,Terraced,172.8 sq.m.
1351828,Poppleton,148432,2020-08-15,5.3,3,Detached,254.0 sq.m.
1512484,Teasdale,100458,2021-10-30,10,2,Semi-detached,159.5 sq.m.
1953702,--,53633,2021-05-24,4.9,2,Semi-detached,104.2 sq.m.
1774951,Silvertown,419696,2022-01-05,9.4,6,Detached,582.7 sq.m.
1230049,Silvertown,156392,2021-12-09,2.9,3,Detached,242.8 sq.m.
1535520,Teasdale,263646,2021-07-10,9.6,4,Detached,335.4 sq.m.
1948958,Silvertown,384440,2020-04-29,10.1,6,Detached,568.2 sq.m.
1095534,Riverford,222905,2020-11-14,7.3,5,Detached,445.3 sq.m.
1388933,Poppleton,169743,2022-03-07,5.3,3,Detached,292.1 sq.m.
1643896,Teasdale,237206,2022-04-09,9.1,3,Detached,293.3 sq.m.
1877172,Poppleton,39578,2020-02-19,7.9,2,Terraced,124.5 sq.m.
1869923,Silvertown,276995,2020-03-24,3.2,4,Detached,351.5 sq.m.
1289056,Poppleton,97776,2022-01-17,3.9,3,Semi-detached,200.0 sq.m.
1481658,Riverford,215675,2021-11-01,8.1,5,Detached,485.5 sq.m.
1278608,Poppleton,256776,2020-05-17,7.1,5,Detached,442.4 sq.m.
1144804,Silvertown,203563,2021-05-13,4.4,3,Detached,292.3 sq.m.
1450270,Poppleton,208082,2022-06-28,6.4,4,Detached,361.0 sq.m.
1320300,Silvertown,63745,2020-07-27,5.7,2,Semi-detached,123.7 sq.m.
1813952,--,74913,2020-09-16,5.7,2,Terraced,168.5 sq.m.
1010031,Silvertown,408685,2021-06-14,2.9,6,Detached,563.0 sq.m.
1885450,Silvertown,279118,2022-07-30,5.5,5,Det.,445.7 sq.m.
1884030,Poppleton,204428,2021-05-17,6.3,4,Detached,323.9 sq.m.
1911709,Silvertown,198055,2020-01-12,7.2,3,Detached,294.4 sq.m.
1018165,Poppleton,89000,2021-08-21,6.9,2,Semi-detached,186.3 sq.m.
1338077,Poppleton,255176,2022-09-15,3.4,4,Detached,398.8 sq.m.
1100407,Silvertown,237629,2021-06-05,3.9,4,Detached,357.7 sq.m.
1585230,--,60662,2021-11-12,6.5,2,Semi-detached,111.8 sq.m.
1202901,Riverford,316761,2021-02-04,7.3,6,Detached,594.8 sq.m.
1024283,Teasdale,358561,2021-12-01,6.8,5,Detached,424.2 sq.m.
1300327,Riverford,200398,2021-03-20,5.5,4,Detached,398.5 sq.m.
1140466,Riverford,254331,2022-11-07,5.8,5,Detached,473.9 sq.m.
1512919,Silvertown,413258,2022-09-28,10.5,6,Det.,576.1 sq.m.
1937577,Riverford,203649,2022-05-26,7.1,4,Det.,398.0 sq.m.
1592992,Silvertown,337266,2021-01-05,8.1,5,Detached,492.9 sq.m.
1762638,Teasdale,233845,2022-10-24,2.6,4,Detached,308.1 sq.m.
1160936,Teasdale,122329,2021-07-11,9.9,3,Semi-detached,201.2 sq.m.
1554766,Poppleton,212534,2020-03-27,5.1,4,Detached,332.5 sq.m.
1835470,Riverford,148661,2022-01-12,6.5,3,Detached,284.5 sq.m.
1594921,Poppleton,211316,2022-06-17,6.6,4,Detached,372.7 sq.m.
1113820,Poppleton,203732,2021-01-05,NA,4,Detached,338.0 sq.m.
1816606,Silvertown,81868,2020-04-30,5,2,Semi-detached,156.8 sq.m.
1042506,Poppleton,185911,2022-10-04,6.1,4,Detached,319.6 sq.m.
1567056,Poppleton,60297,2021-01-20,4.6,2,Semi-detached,141.4 sq.m.
1829376,Poppleton,220123,2022-05-16,4.1,4,Detached,361.5 sq.m.
1645993,Teasdale,343401,2020-05-16,2.6,5,Detached,404.9 sq.m.
1536822,Silvertown,249262,2020-03-17,7.4,4,Detached,371.2 sq.m.
1057028,--,383882,2020-07-22,5.8,5,Detached,479.1 sq.m.
1560933,Silvertown,357382,2022-11-12,7.7,6,Detached,536.8 sq.m.
1929594,Silvertown,156936,2020-03-09,6.1,3,Detached,250.1 sq.m.
1742630,Poppleton,172360,2022-12-30,5.2,3,Detached,289.6 sq.m.
1227304,Riverford,135691,2021-10-21,4.7,3,Detached,255.7 sq.m.
1633532,Silvertown,277277,2021-12-11,5.2,5,Detached,414.8 sq.m.
1730020,Riverford,47982,2022-07-28,7,2,Terraced,184.9 sq.m.
1688219,Poppleton,155232,2020-12-28,6,3,Detached,257.6 sq.m.
1838239,Silvertown,274027,2020-06-28,4.9,4,Detached,381.7 sq.m.
1664271,Silvertown,100578,2021-08-23,6.7,2,Semi-detached,186.0 sq.m.
1749742,Teasdale,72401,2021-01-20,6,2,Terraced,182.2 sq.m.
1580068,Silvertown,185532,2022-12-22,6.2,3,Detached,276.6 sq.m.
1466804,Silvertown,175314,2022-07-16,7.9,3,Det.,239.7 sq.m.
1738352,Teasdale,146652,2020-05-15,4.8,3,Semi-detached,237.6 sq.m.
1550941,Riverford,61163,2020-12-31,4.7,2,Semi-detached,168.3 sq.m.
1818481,Silvertown,345139,2022-10-18,3.1,5,Detached,461.5 sq.m.
1481909,Silvertown,276398,2021-07-23,7.2,4,Detached,377.3 sq.m.
1096726,Silvertown,200048,2022-08-30,7.1,3,Detached,262.6 sq.m.
1698278,Poppleton,268610,2022-09-29,7.2,5,Det.,424.9 sq.m.
1722437,Silvertown,264477,2020-08-06,2.6,5,Detached,414.9 sq.m.
1281734,Poppleton,36152,2022-05-13,7.4,2,Terraced,110.2 sq.m.
1112630,Teasdale,444695,2022-11-23,7,6,Detached,551.0 sq.m.
1389000,Poppleton,336815,2020-06-14,5.8,6,Detached,588.7 sq.m.
1589593,Silvertown,113624,2021-09-13,5.1,3,Semi-detached,209.9 sq.m.
1709120,Silvertown,344630,2020-04-08,9.3,5,Detached,471.6 sq.m.
1012593,Poppleton,361033,2022-07-08,4.7,6,Detached,566.1 sq.m.
1953115,Teasdale,244749,2022-10-02,5.8,4,Detached,314.4 sq.m.
1507065,Silvertown,420380,2020-04-08,4.3,6,Detached,541.9 sq.m.
1806448,Silvertown,312813,2022-06-08,4.6,5,Detached,458.5 sq.m.
1168631,Teasdale,292514,2020-02-08,9,4,Detached,370.0 sq.m.
1605792,Teasdale,230687,2021-07-07,3.1,3,Detached,298.8 sq.m.
1510886,Silvertown,293286,2022-05-04,10.2,4,Detached,397.1 sq.m.
1390771,Silvertown,318460,2020-07-06,3.5,5,Detached,467.9 sq.m.
1884320,Teasdale,74077,2021-09-08,6,3,Terraced,205.3 sq.m.
1482499,Poppleton,237266,2021-04-11,3.5,4,Detached,386.0 sq.m.
1169444,Silvertown,312901,2021-11-21,7.3,5,Detached,480.6 sq.m.
1208439,Silvertown,365734,2021-08-31,5.8,6,Detached,560.6 sq.m.
1618764,Poppleton,190766,2020-10-16,6.1,4,Det.,328.5 sq.m.
1823812,Silvertown,356510,2022-12-24,6.5,6,Detached,530.3 sq.m.
1645820,Poppleton,356878,2021-03-31,6.6,6,Detached,586.5 sq.m.
1524475,Teasdale,426348,2021-05-01,8.3,6,Detached,538.0 sq.m.
1626381,Teasdale,247212,2021-01-21,2.3,4,Detached,302.3 sq.m.
1345926,Silvertown,308186,2020-08-18,7.2,5,Detached,462.5 sq.m.
1699422,Poppleton,147309,2020-05-10,2.8,3,Detached,275.5 sq.m.
1907377,Teasdale,362407,2020-04-05,3.4,5,Detached,446.7 sq.m.
1974135,Teasdale,227802,2020-04-17,7.8,3,Detached,275.3 sq.m.
1758719,Silvertown,249436,2020-03-06,7.6,4,Detached,349.8 sq.m.
1237673,Teasdale,302485,2022-09-01,3,4,Detached,382.0 sq.m.
1065281,Poppleton,49368,2020-02-12,3.9,2,Semi-detached,110.3 sq.m.
1864521,Silvertown,317050,2020-08-25,5.1,5,Detached,478.1 sq.m.
1991768,Poppleton,75678,2021-12-23,4.9,2,Semi-detached,180.4 sq.m.
1573560,Silvertown,176877,2021-08-05,10.4,3,Detached,264.1 sq.m.
1810420,Silvertown,34747,2020-05-07,6,2,Terraced,114.2 sq.m.
1582785,Teasdale,313693,2022-05-02,6.8,4,Detached,381.5 sq.m.
1915648,Silvertown,359213,2020-07-12,5.7,6,Detached,502.4 sq.m.
1051241,Poppleton,93551,2020-01-27,5.5,3,Semi-detached,208.8 sq.m.
1223416,Teasdale,220807,2020-04-21,4,3,Detached,274.8 sq.m.
1809998,Poppleton,249821,2022-03-28,4,5,Detached,426.1 sq.m.
1390884,Silvertown,414015,2022-10-16,9.4,6,Detached,571.6 sq.m.
1583370,Teasdale,476913,2021-04-12,6.1,6,Detached,569.2 sq.m.
1817042,Silvertown,75352,2021-06-13,5.6,2,Semi-detached,137.8 sq.m.
1851664,Teasdale,450341,2022-01-22,8,6,Detached,543.8 sq.m.
1249429,Silvertown,105498,2021-06-17,6.7,2,Semi-detached,196.3 sq.m.
1448331,Poppleton,57065,2020-08-26,6.2,2,Semi-detached,123.9 sq.m.
1448472,Poppleton,32782,2021-09-27,9.9,2,Terraced,106.7 sq.m.
1618694,Silvertown,100093,2022-02-17,4.6,2,Semi-detached,183.7 sq.m.
1352580,Poppleton,334465,2020-09-08,4.2,6,Detached,590.3 sq.m.
1491804,Poppleton,79410,2020-07-30,4.8,2,Semi-detached,171.8 sq.m.
1662312,Poppleton,192038,2021-09-06,5.8,4,Detached,302.4 sq.m.
1891542,Teasdale,197489,2020-08-08,4,3,Det.,246.1 sq.m.
1402511,Silvertown,335564,2020-11-21,6.7,5,Detached,499.3 sq.m.
1548177,Silvertown,195658,2021-05-21,2.9,3,Detached,293.7 sq.m.
1411516,Silvertown,340533,2020-10-17,5.3,5,Detached,498.6 sq.m.
1764460,--,42573,2020-03-19,9,2,Semi-detached,122.0 sq.m.
1861629,Poppleton,283525,2020-06-11,7.2,6,Detached,524.0 sq.m.
1708987,Teasdale,209955,2021-10-24,7.6,3,Detached,253.8 sq.m.
1929473,Poppleton,162439,2020-02-27,6.4,3,Detached,250.2 sq.m.
1798125,Poppleton,88965,2022-12-13,5.2,2,Semi-detached,198.1 sq.m.
1836761,Riverford,52460,2022-09-28,4.4,3,Terr.,209.0 sq.m.
1273854,--,364563,2021-10-26,6.2,5,Detached,486.0 sq.m.
1875485,Teasdale,161593,2020-06-04,5.6,3,Det.,217.1 sq.m.
1877324,Riverford,33438,2022-05-04,8.6,2,Terraced,130.9 sq.m.
1309830,Riverford,52544,2021-08-06,8,2,Semi-detached,138.5 sq.m.
1319650,Silvertown,291470,2020-06-14,6.3,5,Detached,434.4 sq.m.
1669937,Poppleton,247436,2022-04-02,4.9,5,Detached,436.8 sq.m.
1068668,Silvertown,386773,2022-05-20,7.6,6,Detached,549.1 sq.m.
1576185,Silvertown,241394,2021-02-01,4.7,4,Detached,350.0 sq.m.
1410650,Poppleton,256953,2021-08-24,7.5,5,Detached,490.3 sq.m.
1455120,Teasdale,296321,2021-10-25,8.1,4,Detached,362.2 sq.m.
1267302,Silvertown,320225,2022-05-04,8.5,5,Detached,478.5 sq.m.
1942800,Silvertown,310276,2021-11-20,5.7,5,Detached,423.8 sq.m.
1769256,--,73822,2021-06-20,8.2,3,Terraced,238.6 sq.m.
1030063,Riverford,149446,2020-07-31,3.4,4,Detached,326.9 sq.m.
1432040,Teasdale,475347,2020-12-24,5,6,Detached,566.6 sq.m.
1250149,Teasdale,465399,2021-08-19,5,6,Detached,545.9 sq.m.
1937447,Silvertown,434164,2022-05-27,4.9,6,Det.,595.4 sq.m.
1023229,Teasdale,462622,2022-06-11,6.2,6,Detached,599.8 sq.m.
1423130,Poppleton,308771,2021-10-29,5.6,6,Detached,557.1 sq.m.
1268037,Teasdale,228663,2020-01-17,5.5,3,Detached,283.4 sq.m.
1682594,Silvertown,361463,2020-08-17,3.1,6,Detached,539.7 sq.m.
1403439,Teasdale,154127,2021-11-25,6.7,3,Semi-detached,239.9 sq.m.
1834437,Teasdale,433645,2021-07-01,4.2,6,Detached,541.6 sq.m.
1294049,Silvertown,308376,2020-01-03,4.4,5,Detached,453.7 sq.m.
1699880,Silvertown,35770,2022-01-29,6.8,2,Terraced,100.3 sq.m.
1466345,Poppleton,372823,2022-04-17,2.8,6,Detached,590.1 sq.m.
1334966,Silvertown,97039,2020-11-04,2.8,2,Semi-detached,168.4 sq.m.
1998317,Poppleton,66685,2021-05-21,7.8,2,Semi-detached,142.6 sq.m.
1096215,Poppleton,142705,2022-07-23,5.6,3,Detached,249.8 sq.m.
1914691,Teasdale,214165,2022-07-11,7.3,3,Detached,266.7 sq.m.
1896565,Silvertown,409483,2022-12-15,6.8,6,Detached,509.6 sq.m.
1063784,Teasdale,284649,2020-11-10,4.5,4,Detached,356.6 sq.m.
1194038,Silvertown,294044,2020-12-01,7.9,5,Detached,428.1 sq.m.
1714130,Poppleton,88172,2021-01-17,6.9,2,Semi-detached,195.9 sq.m.
1862943,Silvertown,149239,2021-02-26,5.9,3,Detached,224.0 sq.m.
1421799,Teasdale,250823,2020-11-25,5.6,4,Detached,315.7 sq.m.
1086971,Teasdale,50048,2020-11-16,8.2,2,Terraced,144.0 sq.m.
1383244,--,57269,2021-01-09,3.9,2,Terraced,149.6 sq.m.
1245960,Riverford,163726,2020-03-18,2.6,4,Detached,347.9 sq.m.
1318295,--,334965,2021-12-28,6.7,5,Detached,473.1 sq.m.
1053077,Teasdale,111154,2020-07-07,4.5,2,Semi-detached,178.9 sq.m.
1408896,Riverford,239558,2021-11-03,5.3,5,Detached,439.0 sq.m.
1298078,Silvertown,185491,2021-12-06,4.8,3,Detached,282.5 sq.m.
1704391,Teasdale,228697,2021-05-31,6.8,3,Detached,298.2 sq.m.
1639742,Silvertown,191761,2020-04-12,5.9,4,Detached,303.2 sq.m.
1191967,Poppleton,139981,2020-10-14,1.3,3,Detached,242.0 sq.m.
1961535,Teasdale,343731,2022-11-01,3.4,5,Detached,445.9 sq.m.
1004244,Silvertown,368763,2021-06-30,6,6,Det.,522.3 sq.m.
1936331,Silvertown,324808,2022-12-20,7.1,5,Detached,436.0 sq.m.
1670040,Riverford,218768,2020-11-29,8.4,5,Det.,426.1 sq.m.
1738515,Teasdale,226564,2022-06-04,9,3,Detached,274.0 sq.m.
1463861,Silvertown,306287,2020-10-20,9.2,5,Detached,470.2 sq.m.
1263772,Teasdale,482370,2022-02-27,4.8,6,Detached,579.8 sq.m.
1629059,Silvertown,328677,2020-07-26,8.3,5,Detached,455.9 sq.m.
1281420,Teasdale,64015,2021-08-15,8.9,2,Semi-detached,105.4 sq.m.
1846122,Poppleton,304409,2022-09-14,8.1,6,Detached,505.2 sq.m.
1473010,Poppleton,32946,2020-12-22,3.8,2,Terraced,111.3 sq.m.
1205231,Silvertown,391786,2021-10-20,4,6,Detached,550.1 sq.m.
1099156,Poppleton,346130,2021-06-12,6.5,6,Detached,577.2 sq.m.
1196565,Poppleton,56791,2021-01-04,6.6,2,Semi-detached,124.5 sq.m.
1757054,Poppleton,232489,2021-08-21,7.2,4,Detached,375.3 sq.m.
1752654,Poppleton,81256,2021-08-07,6.9,2,Semi-detached,181.7 sq.m.
1736280,Teasdale,390108,2020-11-11,7.7,5,Detached,450.9 sq.m.
1472802,Poppleton,114011,2020-11-08,9.9,3,Detached,207.5 sq.m.
1537409,Poppleton,335077,2021-11-10,7.3,6,Detached,536.0 sq.m.
1189929,Poppleton,148603,2022-07-16,6.5,3,Detached,252.0 sq.m.
1117348,Silvertown,199574,2022-11-08,5.3,3,Detached,299.1 sq.m.
1354601,Silvertown,121587,2020-01-01,10.5,3,Semi-detached,222.7 sq.m.
1416044,Poppleton,241707,2022-11-14,4,4,Detached,379.4 sq.m.
1685299,Teasdale,127580,2021-04-08,6.9,3,Semi-detached,211.0 sq.m.
1316360,Riverford,270211,2020-08-15,3.7,6,Detached,530.1 sq.m.
1528234,Poppleton,270723,2021-01-08,4.8,5,Detached,458.3 sq.m.
1179940,Poppleton,251728,2021-01-26,7,5,Detached,431.0 sq.m.
1378910,Silvertown,52229,2022-06-20,5.6,2,Semi-detached,110.8 sq.m.
1867659,Silvertown,69508,2021-09-23,6.2,2,Semi-detached,134.3 sq.m.
1579125,Silvertown,343095,2022-04-11,5.9,6,Detached,505.3 sq.m.
1919474,Poppleton,39789,2020-10-26,6.6,2,Terraced,134.3 sq.m.
1284190,Riverford,225594,2020-12-29,5.6,5,Detached,428.8 sq.m.
1688352,Silvertown,374032,2020-04-27,9.2,6,Detached,557.0 sq.m.
1668445,Silvertown,203867,2021-03-10,11,3,Det.,273.9 sq.m.
1608791,Silvertown,244669,2021-12-04,7.5,4,Detached,361.4 sq.m.
1093115,Riverford,256222,2021-01-21,5.1,6,Detached,572.2 sq.m.
1066388,Silvertown,356744,2021-09-06,3.1,6,Detached,545.2 sq.m.
1111858,Silvertown,45124,2020-11-16,6.1,2,Terraced,118.0 sq.m.
1519539,Poppleton,140497,2022-05-15,2.3,3,Detached,271.3 sq.m.
1414501,Poppleton,239628,2020-01-30,5.8,5,Detached,441.0 sq.m.
1664309,Riverford,61728,2020-01-06,3,3,Terraced,233.2 sq.m.
1592779,Riverford,151587,2021-12-23,4.7,4,Detached,327.1 sq.m.
1472353,Silvertown,241305,2020-06-13,6.8,4,Detached,320.3 sq.m.
1752479,Poppleton,88647,2020-07-27,5.3,2,Semi-detached,199.4 sq.m.
1014739,--,202688,2021-08-26,8.2,4,Detached,300.8 sq.m.
1014495,Riverford,171774,2020-05-24,1.9,4,Det.,375.1 sq.m.
1686564,Teasdale,290939,2022-10-01,8.1,4,Detached,358.3 sq.m.
1176623,Riverford,80784,2020-08-22,5.6,3,Semi-detached,210.7 sq.m.
1359697,Silvertown,425749,2020-09-04,3.6,6,Detached,599.6 sq.m.
1342820,Teasdale,345862,2021-12-21,7.7,5,Detached,417.9 sq.m.
1454970,Poppleton,206141,2021-01-05,12.3,4,Detached,383.4 sq.m.
1171830,Silvertown,190103,2021-09-13,3,3,Detached,263.4 sq.m.
1105394,Riverford,210891,2022-11-10,7.3,5,Detached,443.5 sq.m.
1295524,Silvertown,91009,2021-09-19,6.1,2,Semi-detached,178.3 sq.m.
1804728,Silvertown,187326,2021-06-11,3.7,3,Detached,270.3 sq.m.
1845313,Teasdale,354808,2022-08-02,6,5,Detached,434.0 sq.m.
1250132,Teasdale,445635,2020-09-04,5.9,6,Detached,568.8 sq.m.
1027136,Riverford,196924,2020-05-16,7,5,Detached,400.2 sq.m.
1913851,Teasdale,53668,2022-03-25,6.9,2,Terraced,139.4 sq.m.
1331225,Poppleton,157508,2022-02-13,3.8,3,Detached,291.8 sq.m.
1976636,Teasdale,366206,2022-01-31,9.5,6,Detached,515.5 sq.m.
1120502,Silvertown,224624,2021-08-29,6.8,4,Detached,340.8 sq.m.
1179949,Teasdale,93580,2022-10-09,5.1,3,Terraced,231.9 sq.m.
1857501,Silvertown,225898,2020-01-22,10.4,4,Detached,302.7 sq.m.
1892421,Silvertown,351318,2020-06-06,2.1,5,Detached,487.1 sq.m.
1910080,Silvertown,334028,2021-01-14,5.7,5,Detached,467.7 sq.m.
1696742,Silvertown,329871,2022-11-08,6.2,5,Detached,498.8 sq.m.
1855104,Poppleton,256788,2022-06-07,3.3,5,Detached,467.5 sq.m.
1127688,Silvertown,365627,2022-10-01,6.7,6,Detached,513.2 sq.m.
1476754,Teasdale,338469,2020-12-12,6.3,5,Detached,476.2 sq.m.
1360173,--,152762,2022-10-26,4.6,3,Detached,249.5 sq.m.
1163990,--,299339,2020-01-28,7.8,5,Detached,497.2 sq.m.
1845359,Poppleton,330358,2021-10-29,3.6,6,Detached,534.8 sq.m.
1600913,Teasdale,277275,2022-03-08,10,4,Detached,347.1 sq.m.
1549413,Riverford,88497,2021-10-23,6.4,3,Semi-detached,228.5 sq.m.
1103870,Poppleton,282182,2021-08-01,8,5,Detached,490.6 sq.m.
1576622,Teasdale,239075,2020-08-20,5.7,3,Detached,288.3 sq.m.
1710617,Poppleton,225617,2022-02-25,7,4,Detached,339.5 sq.m.
1301616,Silvertown,48113,2020-08-31,5.2,2,Terraced,144.1 sq.m.
1622761,Poppleton,284275,2021-04-12,5,5,Detached,458.8 sq.m.
1334358,Poppleton,336997,2020-04-18,9.7,6,Detached,560.5 sq.m.
1855402,Riverford,142703,2020-03-02,6,4,Detached,300.9 sq.m.
1194375,Teasdale,202858,2021-02-15,5.9,3,Detached,279.1 sq.m.
1601250,Poppleton,278892,2020-09-19,6.8,5,Det.,450.0 sq.m.
1281064,Silvertown,348346,2020-02-17,4.5,5,Detached,469.3 sq.m.
1923852,Silvertown,62387,2022-03-31,3.5,2,Terraced,164.3 sq.m.
1010801,Silvertown,248213,2021-05-08,6.2,4,Detached,341.1 sq.m.
1924772,Silvertown,378641,2021-12-31,4.3,6,Detached,561.7 sq.m.
1977188,Poppleton,63733,2022-10-19,6.9,2,Semi-detached,140.7 sq.m.
1111911,Poppleton,329297,2021-02-01,4.4,6,Detached,579.8 sq.m.
1606424,Teasdale,363507,2022-04-01,0.8,5,Detached,433.3 sq.m.
1577989,Poppleton,31877,2021-07-22,7.6,2,Terraced,102.1 sq.m.
1962477,Poppleton,48210,2022-10-11,4.3,2,Semi-detached,106.4 sq.m.
1997518,--,84111,2021-02-06,6.3,3,Semi-detached,234.2 sq.m.
1509394,Poppleton,335550,2021-06-24,8.5,6,Detached,569.6 sq.m.
1514204,Poppleton,290411,2020-08-06,3.8,5,Detached,478.2 sq.m.
1221856,Riverford,140615,2020-05-29,6.3,3,Detached,299.8 sq.m.
1614278,Teasdale,452319,2022-01-05,7.3,6,Detached,564.0 sq.m.
1230399,Teasdale,330420,2022-10-29,7.6,5,Detached,440.1 sq.m.
1242333,Poppleton,152916,2022-08-02,4.2,3,Detached,245.8 sq.m.
1064901,Teasdale,415168,2020-12-26,7.7,6,Det.,540.8 sq.m.
1064065,Silvertown,199192,2022-08-29,5.5,3,Detached,284.8 sq.m.
1555650,Silvertown,263782,2020-11-29,9.5,4,Detached,383.9 sq.m.
1919603,Teasdale,72861,2020-01-19,4.6,2,Terraced,172.9 sq.m.
1122377,Silvertown,110560,2020-06-08,6.4,3,Semi-detached,210.7 sq.m.
1661975,Silvertown,308749,2022-01-03,9.8,5,Detached,478.0 sq.m.
1155893,Poppleton,333954,2022-09-10,5.3,6,Detached,569.1 sq.m.
1977122,--,41767,2022-02-15,8.2,2,Semi-detached,115.2 sq.m.
1940214,Riverford,207419,2020-03-20,6.4,5,Detached,411.5 sq.m.
1599848,Riverford,50829,2020-09-02,7.3,2,Semi-detached,129.1 sq.m.
1356336,Silvertown,394333,2020-03-31,7.7,6,Detached,564.9 sq.m.
1182916,Poppleton,312185,2022-05-29,6.1,6,Detached,509.3 sq.m.
1905693,Silvertown,424665,2021-05-29,5.4,6,Det.,558.4 sq.m.
1144529,Silvertown,241186,2022-08-04,2.4,4,Detached,354.0 sq.m.
1710057,Poppleton,321995,2021-09-16,6.7,6,Detached,537.3 sq.m.
1287962,Silvertown,319634,2021-03-15,4.5,5,Detached,497.0 sq.m.
1834332,Poppleton,200226,2022-05-11,4.1,4,Detached,316.7 sq.m.
1446830,Teasdale,235888,2020-03-01,6.2,4,Detached,307.3 sq.m.
1598892,--,279327,2022-12-11,NA,6,Detached,503.5 sq.m.
1422971,Poppleton,133413,2022-06-15,5.8,3,Detached,218.4 sq.m.
1481777,Silvertown,227722,2022-05-30,7.9,4,Detached,354.7 sq.m.
1749657,Poppleton,322755,2022-01-04,4.5,6,Detached,564.7 sq.m.
1107132,Silvertown,272837,2021-10-26,5.5,4,Detached,368.9 sq.m.
1704676,Teasdale,404275,2021-07-26,6.1,6,Detached,553.8 sq.m.
1791043,Poppleton,88691,2021-11-29,4.2,2,Semi-detached,188.9 sq.m.
1991730,Riverford,283943,2022-08-08,6.9,6,Detached,573.3 sq.m.
1995392,Teasdale,135694,2021-11-17,7.1,3,Semi-detached,226.4 sq.m.
1529311,Teasdale,89852,2022-08-08,5.9,3,Terraced,222.3 sq.m.
1535326,Silvertown,391447,2021-01-09,9,6,Detached,551.9 sq.m.
1140952,Poppleton,171830,2021-08-05,3,4,Detached,308.1 sq.m.
1660160,Silvertown,344209,2022-01-05,5,5,Detached,454.5 sq.m.
1573142,Teasdale,388010,2020-10-09,7.6,6,Detached,511.3 sq.m.
1785391,Silvertown,317847,2022-12-18,5.2,5,Detached,430.5 sq.m.
1243395,Teasdale,293273,2020-04-17,3.6,5,Detached,414.4 sq.m.
1836640,Poppleton,70534,2021-06-09,7.2,3,Terraced,229.0 sq.m.
1099364,Riverford,240284,2021-06-18,6.3,5,Detached,499.4 sq.m.
1886965,Silvertown,50856,2020-09-05,9.1,2,Semi,100.7 sq.m.
1547826,Poppleton,72898,2021-06-16,2.5,2,Semi-detached,167.2 sq.m.
1265876,Poppleton,172720,2020-12-09,5.1,3,Detached,285.3 sq.m.
1427886,Silvertown,77660,2022-03-22,9.2,3,Terraced,217.6 sq.m.
1187498,Silvertown,90084,2022-01-26,NA,2,Semi-detached,178.3 sq.m.
1492089,Teasdale,382832,2021-10-17,5.2,5,Detached,498.9 sq.m.
1659623,Silvertown,414522,2022-12-25,4.3,6,Det.,594.4 sq.m.
1800861,Poppleton,177056,2022-01-05,5.4,3,Detached,291.8 sq.m.
1790132,Teasdale,407650,2020-02-28,8.2,6,Detached,526.8 sq.m.
1914472,Poppleton,57661,2022-07-12,6.2,2,Semi-detached,125.8 sq.m.
1691248,Poppleton,103182,2022-12-16,6.9,3,Semi-detached,240.0 sq.m.
1805685,Riverford,246132,2020-12-27,4.8,5,Detached,476.2 sq.m.
1669743,Silvertown,223178,2022-02-13,3.6,4,Detached,300.8 sq.m.
1665513,Riverford,40910,2020-05-24,NA,2,Terraced,183.3 sq.m.
1668109,Poppleton,145540,2020-12-07,5.3,3,Det.,246.2 sq.m.
1486534,Silvertown,37296,2021-04-11,3.5,2,Terraced,107.1 sq.m.
1150212,Teasdale,56147,2020-11-27,6.2,2,Terraced,132.2 sq.m.
1949489,Silvertown,62113,2022-04-28,4.9,2,Terraced,190.8 sq.m.
1663573,Teasdale,292614,2021-01-26,5.4,4,Detached,396.0 sq.m.
1811243,Riverford,200200,2022-03-22,NA,5,Detached,411.1 sq.m.
1886285,Teasdale,169258,2021-04-03,5.9,3,Detached,233.3 sq.m.
1458688,Teasdale,78822,2021-04-15,6.6,2,Semi-detached,124.3 sq.m.
1607640,Teasdale,119373,2021-09-11,9.6,2,Semi-detached,195.9 sq.m.
1656422,Silvertown,354319,2020-03-19,5.8,6,Detached,535.5 sq.m.
1418313,Poppleton,291651,2020-12-01,8.5,5,Detached,485.1 sq.m.
1530646,--,409857,2022-04-27,1.3,6,Detached,599.1 sq.m.
1665407,Silvertown,224032,2022-06-25,7.1,3,Detached,294.9 sq.m.
1316807,Poppleton,31670,2022-11-25,5.6,2,Terraced,109.6 sq.m.
1805319,Riverford,268650,2021-10-19,7.3,6,Detached,528.0 sq.m.
1952128,Poppleton,150481,2021-09-16,6.8,3,Detached,265.2 sq.m.
1816356,Teasdale,132108,2022-07-28,9.6,3,Semi-detached,204.9 sq.m.
1972494,Teasdale,487491,2021-03-08,6.9,6,Detached,578.6 sq.m.
1814706,Riverford,57515,2022-12-26,3.3,2,Semi-detached,144.0 sq.m.
1674021,Silvertown,280525,2022-01-11,6.3,4,Detached,376.1 sq.m.
1299166,Silvertown,188867,2022-02-10,3.3,3,Detached,292.3 sq.m.
1373181,Riverford,234700,2021-05-11,7.3,5,Detached,425.1 sq.m.
1259632,Silvertown,186089,2021-07-19,8.4,3,Detached,254.2 sq.m.
1708954,Poppleton,288225,2022-12-30,10.2,6,Detached,525.8 sq.m.
1938926,Silvertown,292564,2020-06-06,3.3,5,Detached,457.6 sq.m.
1745950,Poppleton,289848,2020-07-27,7.8,5,Detached,450.4 sq.m.
1941124,Teasdale,77847,2020-06-25,3.2,2,Semi-detached,120.3 sq.m.
1866287,Riverford,200658,2020-07-22,3.5,5,Detached,409.5 sq.m.
1364988,Teasdale,393649,2020-09-15,6.8,5,Detached,498.6 sq.m.
1050654,Teasdale,222890,2021-09-23,9.1,3,Detached,290.1 sq.m.
1407524,Silvertown,214500,2022-02-28,5.2,4,Detached,315.3 sq.m.
1309502,Poppleton,242523,2020-01-08,1.9,5,Det.,408.4 sq.m.
1689970,Silvertown,124509,2020-01-02,0.5,3,Semi-detached,224.4 sq.m.
1915241,Silvertown,242697,2022-11-07,7,4,Detached,339.1 sq.m.
1121226,--,63728,2021-04-01,3.3,2,Semi-detached,132.4 sq.m.
1720010,Teasdale,92205,2022-11-01,4.1,3,Terraced,236.8 sq.m.
1018876,Poppleton,345851,2021-12-28,6.4,6,Detached,568.9 sq.m.
1210299,Poppleton,45820,2020-03-13,6.3,2,Terr.,158.1 sq.m.
1857561,Poppleton,380120,2022-09-09,7.5,6,Detached,575.8 sq.m.
1457793,Silvertown,183077,2020-06-15,2.2,3,Detached,251.9 sq.m.
1424659,Teasdale,429765,2022-10-18,4.3,6,Detached,559.9 sq.m.
1524452,Silvertown,39609,2021-02-07,10.5,2,Terraced,115.5 sq.m.
1368561,Silvertown,174464,2021-06-30,5,3,Detached,252.4 sq.m.
1833351,Poppleton,57463,2022-05-31,4,2,Semi-detached,137.7 sq.m.
1564205,Silvertown,85619,2021-03-05,7,2,Semi,152.4 sq.m.
1710916,Silvertown,80856,2021-09-22,7.6,2,Semi-detached,169.1 sq.m.
1565022,Riverford,320758,2020-12-17,3,6,Detached,567.1 sq.m.
1272848,Silvertown,400591,2020-08-11,5.2,6,Detached,535.0 sq.m.
1702443,Poppleton,154017,2020-03-31,7,3,Detached,245.6 sq.m.
1590335,Silvertown,211904,2022-07-27,8.1,4,Detached,317.5 sq.m.
1459825,Poppleton,83115,2022-09-16,4.1,2,Semi-detached,184.2 sq.m.
1317186,Poppleton,257839,2022-07-09,2.7,5,Detached,415.7 sq.m.
1216397,Poppleton,230782,2022-05-14,2.9,5,Detached,414.5 sq.m.
1226868,Poppleton,175860,2021-12-03,9.2,3,Detached,295.1 sq.m.
1234374,Teasdale,361978,2021-07-08,3.7,5,Detached,443.2 sq.m.
1999018,Poppleton,196514,2022-07-11,2.2,4,Detached,348.1 sq.m.
1917216,Teasdale,340932,2020-05-20,6.2,5,Detached,472.9 sq.m.
1310746,Silvertown,201168,2020-10-20,9.3,3,Detached,291.2 sq.m.
1635197,Poppleton,270396,2022-02-01,4.9,5,Detached,413.1 sq.m.
1876785,Teasdale,243736,2022-03-06,5.9,4,Det.,307.3 sq.m.
1746490,Silvertown,364049,2022-04-06,3.7,5,Detached,497.8 sq.m.
1967863,Teasdale,59373,2022-02-16,5.4,2,Semi-detached,103.3 sq.m.
1058813,Silvertown,74025,2022-02-15,3.2,3,Terraced,215.7 sq.m.
1734849,Silvertown,428794,2022-09-30,7.7,6,Detached,583.1 sq.m.
1208983,Riverford,143602,2020-11-24,4.8,3,Detached,261.3 sq.m.
1431144,Riverford,48633,2020-06-25,3.9,2,Semi-detached,128.4 sq.m.
1388891,--,276690,2021-08-04,4.4,6,Detached,547.8 sq.m.
1568591,Teasdale,209635,2020-05-28,6.3,3,Detached,265.5 sq.m.
1998925,Teasdale,347133,2021-04-29,3.8,5,Detached,459.5 sq.m.
1807631,Teasdale,82263,2021-08-26,5.9,2,Semi-detached,153.8 sq.m.
1542650,Poppleton,211854,2020-08-31,5.6,4,Detached,368.9 sq.m.
1594333,Teasdale,461512,2021-11-11,5.9,6,Detached,567.3 sq.m.
1253152,Silvertown,142323,2021-04-20,6.2,2,Detached,195.7 sq.m.
1447466,Teasdale,240362,2020-04-28,6.3,3,Detached,298.8 sq.m.
1958269,Teasdale,316081,2021-04-20,5.6,4,Detached,382.7 sq.m.
1028100,Silvertown,401790,2021-01-02,5.8,6,Detached,584.7 sq.m.
1438855,Riverford,33903,2020-07-14,8.1,2,Terraced,128.2 sq.m.
1160478,Poppleton,168693,2022-07-13,4.6,4,Detached,328.4 sq.m.
1683152,Teasdale,206549,2021-11-01,7.2,3,Detached,266.8 sq.m.
1556577,Riverford,131053,2021-07-02,5.3,3,Detached,268.2 sq.m.
1883576,Poppleton,310230,2022-04-24,5.9,5,Detached,499.0 sq.m.
1997201,Poppleton,216142,2021-05-04,4.2,4,Detached,362.1 sq.m.
1491590,Riverford,60505,2020-10-13,7.3,2,Semi-detached,162.7 sq.m.
1578801,Silvertown,54326,2021-12-14,5.6,2,Semi-detached,106.0 sq.m.
1755905,Poppleton,168502,2022-02-23,10.2,4,Detached,317.4 sq.m.
1073244,Silvertown,87390,2021-11-11,6.4,2,Semi-detached,169.7 sq.m.
1507614,Teasdale,118974,2020-11-13,5.2,3,Semi-detached,200.3 sq.m.
1308577,Silvertown,356394,2022-02-20,2.4,5,Detached,469.4 sq.m.
1623206,Silvertown,232684,2020-10-30,7.1,4,Detached,350.4 sq.m.
1264788,Poppleton,347600,2020-11-05,3.5,6,Detached,562.7 sq.m.
1669244,Poppleton,146335,2020-03-04,7.1,3,Detached,258.3 sq.m.
1943618,Riverford,171936,2020-07-30,8,4,Detached,336.3 sq.m.
1423337,Poppleton,165879,2020-11-30,NA,3,Detached,289.3 sq.m.
1674075,Teasdale,69083,2020-07-05,9.3,2,Terraced,178.5 sq.m.
1993878,Riverford,26513,2021-07-23,4.3,2,Terr.,107.8 sq.m.
1552013,--,338177,2022-08-19,4.5,6,Detached,599.1 sq.m.
1440226,Riverford,142301,2021-06-09,6.2,3,Detached,286.5 sq.m.
1313426,Poppleton,246353,2021-12-07,NA,5,Detached,433.8 sq.m.
1908798,Teasdale,397562,2022-10-14,5.8,6,Det.,521.5 sq.m.
1542453,Poppleton,63038,2020-06-08,4,2,Semi-detached,129.6 sq.m.
1051195,Riverford,250106,2021-03-02,4,6,Detached,524.3 sq.m.
1418441,Silvertown,220148,2021-05-28,7.6,3,Detached,294.2 sq.m.
1283579,Riverford,255021,2021-09-08,4.3,6,Det.,531.5 sq.m.
1683219,Riverford,57598,2021-10-06,8.1,2,Semi-detached,150.0 sq.m.
1994696,Teasdale,85361,2020-12-11,6.4,2,Semi-detached,136.3 sq.m.
1124893,Silvertown,75109,2021-12-28,5.5,3,Terraced,225.2 sq.m.
1189017,Poppleton,171977,2021-02-11,4.5,4,Detached,304.7 sq.m.
1439034,Silvertown,384253,2020-08-12,NA,6,Detached,543.0 sq.m.
1985481,Silvertown,395048,2022-11-14,4.2,6,Detached,528.6 sq.m.
1347376,Poppleton,174570,2021-04-04,4.1,3,Detached,297.8 sq.m.
1722310,--,71898,2020-11-15,6.1,2,Semi,161.2 sq.m.
1650088,Silvertown,210029,2022-05-18,5.7,4,Detached,309.2 sq.m.
1641816,Riverford,49280,2022-07-27,6.4,2,Semi-detached,130.1 sq.m.
1078394,Silvertown,315174,2021-11-12,7.4,5,Detached,468.8 sq.m.
1084396,Riverford,175723,2022-08-02,3.4,4,Detached,352.3 sq.m.
1176007,Poppleton,113383,2022-02-05,4.9,2,Detached,185.8 sq.m.
1243789,Poppleton,144740,2022-09-17,5.6,3,Detached,248.5 sq.m.
1258274,Poppleton,293799,2021-03-17,6.3,5,Detached,499.4 sq.m.
1699887,Poppleton,146508,2020-03-15,5.9,3,Detached,255.6 sq.m.
1737825,Riverford,30704,2020-02-27,7,2,Terraced,120.5 sq.m.
1348687,Teasdale,421533,2022-03-23,5.7,6,Detached,512.1 sq.m.
1571579,Silvertown,235169,2022-03-16,5.8,4,Detached,371.8 sq.m.
1743161,Silvertown,79705,2021-11-19,4.4,2,Semi-detached,159.2 sq.m.
1360727,Teasdale,291480,2020-05-13,4.3,4,Detached,357.3 sq.m.
1118440,Poppleton,216062,2020-07-26,6.8,4,Detached,340.2 sq.m.
1957388,Teasdale,294940,2020-12-03,7,4,Detached,361.1 sq.m.
1395988,Teasdale,173881,2021-11-17,5.6,3,Det.,217.1 sq.m.
1589535,Poppleton,165521,2022-09-28,5.9,3,Det.,266.3 sq.m.
1657233,Poppleton,73212,2022-12-26,6.1,2,Semi-detached,154.4 sq.m.
1259142,Teasdale,504513,2022-03-15,4,6,Detached,589.8 sq.m.
1285719,Teasdale,211525,2021-11-28,10.5,3,Det.,253.4 sq.m.
1051344,Silvertown,202383,2021-03-29,11.5,3,Detached,263.7 sq.m.
1885610,Teasdale,237387,2020-02-11,6.6,3,Detached,282.2 sq.m.
1635218,Teasdale,457767,2021-09-12,5.5,6,Detached,588.7 sq.m.
1301257,Teasdale,283390,2021-07-19,7.9,4,Detached,354.6 sq.m.
1758416,Teasdale,469077,2021-03-25,5.5,6,Detached,559.6 sq.m.
1005837,Poppleton,279159,2021-05-17,NA,5,Detached,454.9 sq.m.
1686480,Teasdale,215839,2020-09-15,8.4,3,Detached,256.1 sq.m.
1849732,Silvertown,283396,2021-11-13,5.9,5,Detached,418.6 sq.m.
1324648,Silvertown,399945,2020-01-09,8.7,6,Detached,579.6 sq.m.
1159691,Riverford,243332,2021-11-10,8.2,6,Detached,524.9 sq.m.
1499211,Riverford,88900,2020-08-06,4.9,3,Semi-detached,230.0 sq.m.
1933868,Teasdale,324034,2022-03-27,7.8,5,Detached,409.5 sq.m.
1104838,Teasdale,300469,2021-11-17,7.2,4,Detached,383.9 sq.m.
1707034,Silvertown,195084,2022-09-30,4.5,3,Detached,247.9 sq.m.
1422449,Poppleton,142499,2021-08-21,6,3,Detached,248.0 sq.m.
1872969,Teasdale,277024,2021-01-27,8.9,4,Detached,351.1 sq.m.
1664607,Poppleton,292649,2020-07-24,9.2,6,Detached,517.3 sq.m.
1018486,Silvertown,161323,2020-12-06,8.3,3,Detached,248.3 sq.m.
1356331,Silvertown,353778,2021-07-21,5.7,6,Detached,539.7 sq.m.
1687723,Teasdale,442038,2021-06-27,5.3,6,Detached,570.0 sq.m.
1740928,Riverford,276304,2022-09-02,7.1,6,Detached,572.7 sq.m.
1995152,Teasdale,73992,2020-01-13,2.9,2,Semi-detached,130.6 sq.m.
1522375,Poppleton,50793,2021-08-27,4.6,2,Semi-detached,121.6 sq.m.
1981059,Silvertown,358661,2021-11-30,3.2,5,Detached,498.6 sq.m.
1821781,Teasdale,422933,2020-03-03,6.8,6,Detached,537.9 sq.m.
1103196,Silvertown,103173,2021-08-03,8.1,3,Semi-detached,217.5 sq.m.
1875216,Silvertown,324721,2022-12-17,4.7,5,Detached,446.0 sq.m.
1509081,Silvertown,205393,2021-05-29,6.4,4,Detached,305.6 sq.m.
1922046,Riverford,301855,2020-11-21,5.5,6,Det.,586.0 sq.m.
1663993,Silvertown,360950,2021-08-30,6.7,6,Detached,502.9 sq.m.
1140298,Teasdale,83203,2020-11-29,6.8,2,Semi-detached,136.7 sq.m.
1044679,Silvertown,252681,2021-09-01,6.9,4,Detached,355.0 sq.m.
1710155,Teasdale,58677,2020-12-11,5.9,2,Terraced,145.6 sq.m.
1350280,Silvertown,368903,2020-01-09,8.9,6,Det.,511.1 sq.m.
1746052,Riverford,183085,2020-03-09,4.4,4,Det.,373.3 sq.m.
1282336,Silvertown,278957,2020-04-03,4.6,5,Detached,400.4 sq.m.
1666848,Silvertown,288124,2020-09-04,7,5,Detached,410.5 sq.m.
1843549,Silvertown,291913,2022-01-19,7,4,Detached,389.9 sq.m.
1939007,Teasdale,193007,2020-07-23,6.9,3,Det.,242.4 sq.m.
1136950,Teasdale,66673,2022-07-24,7.3,2,Terraced,171.7 sq.m.
1724396,--,315038,2021-02-16,4.2,5,Detached,464.7 sq.m.
1987790,Silvertown,70989,2022-09-03,5.8,3,Terraced,200.6 sq.m.
1500725,--,254259,2022-03-21,8.4,4,Detached,343.8 sq.m.
1814426,Teasdale,349431,2022-05-18,6.5,5,Detached,435.5 sq.m.
1075964,Silvertown,50487,2021-05-14,4.5,2,Terraced,145.4 sq.m.
1448500,Poppleton,179047,2022-10-30,8.6,3,Det.,297.8 sq.m.
1883807,Teasdale,368388,2021-12-22,4,5,Detached,485.2 sq.m.
1047819,Riverford,141260,2022-09-02,5.5,3,Detached,286.7 sq.m.
1664425,Teasdale,82861,2020-07-29,4.8,3,Terraced,207.9 sq.m.
1591027,Teasdale,261578,2021-05-12,8.4,4,Detached,338.9 sq.m.
1737414,Poppleton,261457,2020-03-23,6,5,Detached,454.1 sq.m.
1175659,Teasdale,314047,2021-10-27,6.8,5,Detached,401.8 sq.m.
1313150,Poppleton,51651,2022-12-15,7.1,2,Semi-detached,118.1 sq.m.
1135470,Poppleton,64622,2022-12-14,3.8,2,Semi-detached,149.3 sq.m.
1711579,Riverford,182753,2021-04-21,5.4,4,Detached,343.1 sq.m.
1828008,Poppleton,222748,2020-06-25,4.6,4,Detached,371.1 sq.m.
1466880,Poppleton,297063,2022-05-24,5.5,5,Detached,466.2 sq.m.
1620118,Teasdale,316891,2021-06-12,7.3,5,Detached,444.9 sq.m.
1967287,Riverford,109877,2021-09-05,9,3,Detached,239.0 sq.m.
1518604,Teasdale,295782,2020-07-16,3.5,4,Det.,354.8 sq.m.
1699228,Riverford,203758,2021-02-26,6.5,5,Detached,409.0 sq.m.
1635060,Poppleton,40109,2020-11-06,5.2,2,Terraced,136.2 sq.m.
1099961,Silvertown,401701,2020-11-21,4.2,6,Det.,573.2 sq.m.
1459954,Silvertown,175759,2020-03-27,6.5,3,Detached,262.7 sq.m.
1048707,Silvertown,412947,2021-04-18,7.1,6,Detached,598.7 sq.m.
1755042,Poppleton,132601,2022-05-10,6.7,3,Det.,216.4 sq.m.
1992509,Silvertown,63407,2021-05-21,2.6,2,Semi-detached,119.9 sq.m.
1734487,Silvertown,61746,2021-02-03,5.7,2,Terraced,169.5 sq.m.
1548850,Silvertown,310816,2022-09-22,5.2,5,Detached,478.8 sq.m.
1659767,Silvertown,190094,2022-06-22,9.9,3,Det.,257.8 sq.m.
1915994,Silvertown,395158,2021-08-07,8.4,6,Detached,522.1 sq.m.
1600307,Riverford,224787,2021-01-31,3.8,5,Detached,432.6 sq.m.
1456035,Silvertown,299148,2022-03-20,7.4,5,Detached,419.1 sq.m.
1405097,Poppleton,242077,2020-07-29,4.5,5,Detached,429.7 sq.m.
1322729,Silvertown,72850,2022-11-18,8.1,3,Terraced,202.0 sq.m.
1370378,Silvertown,201231,2020-08-17,6.7,4,Detached,304.3 sq.m.
1064136,Silvertown,409836,2021-07-23,3.3,6,Detached,593.6 sq.m.
1542454,Teasdale,227823,2022-05-17,4.9,4,Detached,308.2 sq.m.
1403039,Poppleton,46401,2021-12-03,5.6,2,Semi-detached,103.7 sq.m.
1293951,Teasdale,342599,2021-06-13,4.7,5,Detached,450.6 sq.m.
1510857,Teasdale,473149,2022-04-23,6.8,6,Detached,583.7 sq.m.
1411597,Poppleton,168916,2020-07-23,7.3,4,Detached,301.3 sq.m.
1353946,Silvertown,209450,2020-09-08,5.5,3,Detached,292.3 sq.m.
1215254,Silvertown,117038,2022-02-27,5.2,3,Semi-detached,237.2 sq.m.
1545161,Silvertown,69303,2022-10-02,7.5,2,Semi-detached,124.3 sq.m.
1725497,Poppleton,397427,2021-12-06,6.6,6,Detached,589.6 sq.m.
1146287,Poppleton,202545,2022-02-16,1.8,4,Det.,332.3 sq.m.
1468812,Poppleton,259943,2020-01-05,4.8,5,Detached,440.8 sq.m.
1670747,Riverford,283838,2020-09-07,6.8,6,Detached,570.8 sq.m.
1860833,Teasdale,433885,2021-10-03,3.8,6,Detached,514.8 sq.m.
1699343,Silvertown,312292,2020-10-31,7.6,5,Det.,455.6 sq.m.
1091146,Teasdale,372315,2022-11-12,1.6,5,Detached,444.2 sq.m.
1910905,Silvertown,240596,2021-06-12,6.8,4,Detached,338.0 sq.m.
1757253,--,223947,2021-06-01,6.8,3,Detached,291.7 sq.m.
1487718,Silvertown,189826,2021-08-06,NA,3,Detached,268.1 sq.m.
1021690,Teasdale,300441,2022-04-21,3.3,4,Detached,378.6 sq.m.
1721740,Silvertown,282487,2020-06-11,8,5,Detached,427.0 sq.m.
1493815,Teasdale,145818,2022-04-14,8,2,Detached,184.4 sq.m.
1672014,Poppleton,198392,2022-01-01,5.2,4,Det.,349.4 sq.m.
1665493,Silvertown,369624,2022-05-10,3,6,Detached,529.1 sq.m.
1871450,Silvertown,97161,2021-08-24,7.4,2,Semi-detached,180.8 sq.m.
1127386,Teasdale,291031,2021-09-23,9,4,Detached,377.6 sq.m.
1033640,Poppleton,157763,2021-04-12,6.1,3,Det.,253.9 sq.m.
1132814,Teasdale,71943,2021-05-11,6.7,2,Semi-detached,115.1 sq.m.
1064516,Teasdale,342012,2022-01-19,6.8,5,Detached,478.6 sq.m.
1045551,Silvertown,334174,2022-12-16,5.3,5,Detached,488.5 sq.m.
1442937,Silvertown,243545,2021-03-24,7.9,4,Detached,350.8 sq.m.
1235337,Silvertown,178427,2022-03-15,7.9,3,Detached,267.0 sq.m.
1641603,Teasdale,99054,2020-06-10,9.3,2,Semi-detached,160.6 sq.m.
1864897,Poppleton,364606,2021-04-08,3,6,Detached,580.3 sq.m.
1758049,Teasdale,106355,2021-05-11,4.6,2,Semi-detached,186.0 sq.m.
1870516,Silvertown,241730,2021-01-19,1.5,4,Detached,350.6 sq.m.
1138096,Poppleton,164412,2021-11-10,4.8,3,Detached,270.3 sq.m.
1076011,Teasdale,328884,2022-07-13,6.4,5,Detached,411.2 sq.m.
1364811,Silvertown,307128,2020-06-23,7.6,5,Detached,435.3 sq.m.
1900796,Silvertown,369938,2021-12-25,5.1,6,Detached,523.0 sq.m.
1751441,Teasdale,219746,2021-07-14,10.8,3,Detached,261.8 sq.m.
1112585,Riverford,242954,2021-09-09,8.9,5,Detached,479.5 sq.m.
1412299,Teasdale,327931,2021-11-19,5.8,4,Detached,396.9 sq.m.
1911902,Teasdale,219360,2021-05-25,4.4,3,Detached,295.7 sq.m.
1308034,Teasdale,395224,2020-11-29,6.9,5,Detached,454.9 sq.m.
1736423,Silvertown,195166,2020-01-07,NA,3,Detached,262.3 sq.m.
1236200,Teasdale,269308,2021-10-02,3.4,4,Detached,328.9 sq.m.
1582462,Teasdale,42887,2021-10-09,2.7,2,Terraced,114.1 sq.m.
1219851,Silvertown,169837,2021-06-23,3.4,3,Detached,250.4 sq.m.
1528991,Silvertown,257328,2020-11-02,8,4,Detached,396.3 sq.m.
1483706,Silvertown,378939,2020-11-30,3.4,6,Detached,545.0 sq.m.
1515009,Silvertown,295841,2021-09-22,2.9,5,Det.,449.5 sq.m.
1680567,Silvertown,69399,2020-08-01,7,2,Terraced,199.4 sq.m.
1139708,Silvertown,217875,2022-03-24,7.4,4,Detached,331.3 sq.m.
1252193,Teasdale,247159,2021-12-19,5.4,4,Detached,336.8 sq.m.
1477649,Silvertown,335390,2021-02-01,5.9,5,Detached,456.9 sq.m.
1551901,Silvertown,311331,2021-07-20,5.8,5,Detached,463.6 sq.m.
1685455,Riverford,251617,2020-01-09,4.5,5,Detached,477.7 sq.m.
1537754,Silvertown,204612,2022-06-27,5.4,3,Detached,286.8 sq.m.
1673726,Poppleton,205908,2021-12-23,4.6,4,Detached,336.5 sq.m.
1635137,Riverford,294888,2020-03-03,6.1,6,Detached,549.1 sq.m.
1719944,Silvertown,259774,2020-09-04,9.4,4,Detached,355.2 sq.m.
1999721,Silvertown,293483,2020-10-26,6.9,4,Detached,398.5 sq.m.
1883673,--,92500,2020-04-24,4.5,2,Semi-detached,155.0 sq.m.
1366738,Silvertown,381268,2022-11-03,7.2,6,Detached,533.5 sq.m.
1672551,Poppleton,66279,2020-07-08,4.8,3,Terraced,206.2 sq.m.
1950864,Silvertown,125962,2020-08-18,1.4,3,Semi-detached,226.0 sq.m.
1047506,Teasdale,218005,2020-11-15,2.5,3,Detached,262.3 sq.m.
1983578,Teasdale,110611,2020-03-21,6.6,2,Semi-detached,182.4 sq.m.
1646721,Teasdale,419332,2021-10-19,2.6,6,Detached,501.8 sq.m.
1526063,Riverford,85286,2021-07-30,8.8,2,Detached,188.2 sq.m.
1788006,Silvertown,81248,2022-11-20,8,3,Terraced,231.3 sq.m.
1178486,Silvertown,233131,2020-04-12,5.8,4,Detached,336.5 sq.m.
1094616,Teasdale,343161,2021-08-31,6.1,5,Detached,408.6 sq.m.
1036834,Silvertown,170525,2020-08-04,6,3,Detached,265.2 sq.m.
1563097,Teasdale,237056,2020-11-13,7.2,3,Detached,293.8 sq.m.
1133447,Teasdale,83297,2021-01-28,9.2,3,Terraced,219.1 sq.m.
1360641,Silvertown,105307,2022-05-16,8.5,3,Semi-detached,202.3 sq.m.
1960094,Silvertown,62837,2021-07-07,4.7,2,Terraced,187.5 sq.m.
1170760,Silvertown,206257,2021-05-21,4.6,3,Detached,274.7 sq.m.
1850626,Silvertown,214877,2022-04-19,4.6,4,Detached,307.3 sq.m.
1312145,Poppleton,77512,2020-06-18,6.5,2,Semi-detached,170.1 sq.m.
1803386,Teasdale,118275,2021-10-07,9.2,3,Semi-detached,201.6 sq.m.
1586625,Poppleton,89628,2022-03-28,7.5,2,Semi-detached,193.6 sq.m.
1244583,Silvertown,280515,2021-08-11,7.6,5,Detached,401.1 sq.m.
1549655,Riverford,71413,2021-03-15,7.3,2,Semi-detached,192.4 sq.m.
1851172,Silvertown,304871,2020-05-13,2.3,5,Detached,443.8 sq.m.
1732469,Poppleton,172248,2020-05-17,8.6,3,Detached,284.4 sq.m.
1544469,Poppleton,254646,2022-04-13,5.6,5,Detached,404.2 sq.m.
1062533,Poppleton,315295,2022-10-27,4.8,6,Detached,513.9 sq.m.
1271940,Riverford,170545,2020-06-04,7,4,Detached,349.3 sq.m.
1743394,Teasdale,76063,2022-05-14,4.6,2,Semi-detached,133.5 sq.m.
1407264,Riverford,231257,2021-02-04,11.6,5,Detached,465.1 sq.m.
1334580,Silvertown,381993,2020-06-08,5.5,5,Detached,490.2 sq.m.
1307040,Teasdale,212913,2020-06-19,8,3,Detached,260.6 sq.m.
1286998,Poppleton,315480,2021-10-26,8.5,6,Detached,540.7 sq.m.
1336202,Poppleton,90218,2020-01-30,7.3,3,Semi-detached,209.6 sq.m.
1340649,--,55411,2021-09-12,6.4,2,Semi-detached,113.0 sq.m.
1326085,Silvertown,191358,2021-12-22,4.3,3,Detached,289.2 sq.m.
1561565,Silvertown,224404,2020-01-23,7.7,4,Detached,312.7 sq.m.
1412586,Riverford,179849,2020-07-22,4.6,4,Detached,345.7 sq.m.
1045210,Silvertown,196553,2020-03-06,6.5,3,Detached,279.7 sq.m.
1139390,Teasdale,132222,2020-08-06,7.9,3,Semi-detached,203.8 sq.m.
1914580,Silvertown,155535,2020-03-01,NA,3,Detached,223.9 sq.m.
1525754,--,417292,2020-05-31,4.5,5,Detached,468.5 sq.m.
1249804,Teasdale,402797,2020-02-03,7,6,Detached,502.4 sq.m.
1233422,--,245596,2022-05-20,7.3,4,Detached,302.5 sq.m.
1506579,Silvertown,182939,2022-07-29,6.7,3,Detached,263.4 sq.m.
1806013,Riverford,282869,2020-11-29,3.5,6,Detached,575.1 sq.m.
1122070,Riverford,78794,2020-07-22,5.8,3,Semi-detached,200.4 sq.m.
1225109,Poppleton,295388,2022-04-28,7.6,5,Detached,465.0 sq.m.
1408410,Riverford,261754,2022-04-07,8.5,5,Detached,498.1 sq.m.
1382549,Poppleton,32595,2021-11-15,5.8,2,Terraced,105.7 sq.m.
1556095,Silvertown,395941,2020-08-22,4.7,6,Detached,568.2 sq.m.
1222880,Teasdale,56699,2022-01-29,3.5,2,Terraced,149.9 sq.m.
1885186,Poppleton,46894,2022-02-06,8.5,2,Semi-detached,107.2 sq.m.
1924850,Poppleton,69717,2020-07-22,4.4,3,Terraced,221.1 sq.m.
1269238,Silvertown,332034,2020-10-31,6.8,6,Detached,500.8 sq.m.
1556467,Silvertown,191381,2022-11-25,9.7,3,Detached,272.1 sq.m.
1357975,Silvertown,325876,2022-10-08,3.1,5,Detached,445.2 sq.m.
1153743,Poppleton,327218,2021-12-12,6.2,6,Detached,530.7 sq.m.
1237280,Silvertown,218892,2020-05-31,2.8,4,Detached,345.5 sq.m.
1745475,Riverford,220707,2022-06-26,2.6,5,Detached,451.7 sq.m.
1137705,--,82074,2022-10-16,4.3,2,Semi-detached,133.2 sq.m.
1941449,Silvertown,201621,2020-01-03,8.4,3,Detached,298.9 sq.m.
1407703,Teasdale,372761,2022-03-08,4.4,6,Detached,522.6 sq.m.
1580905,Silvertown,268945,2020-03-01,6.1,5,Detached,411.2 sq.m.
1587710,Silvertown,404655,2022-12-24,5.8,6,Detached,585.1 sq.m.
1618772,Silvertown,343958,2022-03-06,7.8,5,Detached,476.8 sq.m.
1891781,Silvertown,71283,2022-11-14,9.1,2,Semi-detached,151.7 sq.m.
1766923,Silvertown,64484,2021-10-13,7.9,2,Semi-detached,120.0 sq.m.
1299198,Silvertown,82353,2022-10-08,4.2,2,Semi-detached,162.7 sq.m.
1665547,Riverford,285215,2021-02-03,5.2,6,Detached,589.6 sq.m.
1296099,Poppleton,54362,2021-06-24,3.8,2,Terraced,166.5 sq.m.
1152072,Poppleton,212136,2020-12-15,6.4,4,Detached,341.3 sq.m.
1803049,Poppleton,219954,2021-06-26,2.3,4,Detached,379.7 sq.m.
1702505,Silvertown,128510,2020-05-14,6.5,3,Semi,238.8 sq.m.
1245803,Riverford,130473,2020-11-14,8.5,3,Detached,275.1 sq.m.
1489487,Riverford,275981,2022-02-19,5.6,6,Detached,538.5 sq.m.
1825147,Silvertown,386064,2021-09-01,3.6,6,Detached,546.3 sq.m.
1611591,Silvertown,115585,2021-12-11,10.3,2,Detached,182.2 sq.m.
1273651,Teasdale,52420,2020-10-25,4.4,2,Terraced,139.8 sq.m.
1778053,Teasdale,290766,2021-10-28,8.8,4,Detached,366.2 sq.m.
1261270,Teasdale,448696,2020-08-11,4.5,6,Det.,553.9 sq.m.
1233689,Riverford,235595,2020-10-21,4,5,Detached,432.5 sq.m.
1226316,Riverford,122601,2021-06-04,4.6,3,Detached,232.8 sq.m.
1400196,Silvertown,98060,2020-01-31,5.1,3,Semi-detached,201.7 sq.m.
1266714,Silvertown,252023,2022-11-19,6.1,4,Detached,361.1 sq.m.
1652149,Poppleton,132859,2021-06-09,5.8,3,Det.,231.1 sq.m.
1665042,Riverford,262541,2022-04-22,4.3,6,Detached,507.5 sq.m.
1665574,Poppleton,45690,2022-11-15,7.5,2,Semi-detached,100.3 sq.m.
1960691,Poppleton,99119,2021-10-24,6.6,3,Semi-detached,212.8 sq.m.
1314027,Silvertown,322016,2022-06-19,7.2,5,Detached,483.3 sq.m.
1147990,Teasdale,60625,2022-09-05,6,2,Semi-detached,101.7 sq.m.
1274479,Teasdale,76855,2022-08-29,6.6,2,Terraced,182.8 sq.m.
1174758,Silvertown,332467,2020-04-28,8.7,5,Det.,458.7 sq.m.
1270531,Poppleton,220353,2021-12-23,7,4,Detached,383.8 sq.m.
1913428,Riverford,51649,2020-01-28,7.4,2,Semi-detached,145.8 sq.m.
1415208,Silvertown,370787,2020-08-16,5.3,6,Detached,569.9 sq.m.
1064698,Silvertown,45205,2021-07-16,6.4,2,Terr.,131.6 sq.m.
1393237,Poppleton,283788,2022-11-10,NA,5,Detached,497.5 sq.m.
1339548,Teasdale,457127,2020-10-06,5.5,6,Detached,592.5 sq.m.
1395143,Poppleton,244834,2021-09-20,3.6,5,Detached,421.7 sq.m.
1774226,Silvertown,218324,2021-09-29,6.9,4,Detached,327.5 sq.m.
1886672,Silvertown,243865,2021-10-04,7.4,4,Detached,336.5 sq.m.
1903161,Poppleton,245827,2022-08-06,7.3,5,Detached,406.4 sq.m.
1152822,Silvertown,193125,2020-12-30,6.9,3,Detached,285.7 sq.m.
1349895,Silvertown,236439,2022-02-20,5,4,Detached,327.7 sq.m.
1474508,Silvertown,350224,2022-09-14,4.4,6,Detached,526.0 sq.m.
1402660,Silvertown,130170,2020-03-01,3.9,2,Detached,182.8 sq.m.
1270480,Teasdale,67802,2020-08-12,5,2,Semi-detached,106.3 sq.m.
1957725,Silvertown,387835,2020-10-09,9.6,6,Detached,564.7 sq.m.
1526513,Riverford,229170,2022-05-11,8.3,5,Detached,463.9 sq.m.
1346945,Poppleton,274344,2020-06-14,8.4,5,Detached,466.6 sq.m.
1622041,Silvertown,432173,2020-03-05,3.3,6,Detached,599.5 sq.m.
1612349,Teasdale,80950,2021-12-27,5.8,2,Semi-detached,130.6 sq.m.
1629642,Silvertown,135574,2020-09-24,2.2,2,Detached,190.1 sq.m.
1310526,Riverford,300525,2022-10-22,6.8,6,Detached,570.6 sq.m.
1879091,Silvertown,209767,2020-11-04,8.2,3,Detached,299.5 sq.m.
1317783,Riverford,250797,2020-11-12,6.9,6,Detached,541.1 sq.m.
1499712,Silvertown,289751,2022-04-05,5.4,5,Detached,403.7 sq.m.
1835838,Riverford,173773,2022-12-24,7.1,4,Detached,370.7 sq.m.
1403013,Poppleton,188910,2022-07-04,6.8,4,Detached,319.5 sq.m.
1253695,--,292318,2020-05-12,7.2,5,Detached,406.3 sq.m.
1825018,Poppleton,237130,2022-09-08,4.7,5,Detached,434.7 sq.m.
1290297,Teasdale,299078,2022-12-24,6.6,4,Detached,361.6 sq.m.
1513609,Silvertown,89167,2022-11-11,5.9,2,Semi-detached,164.1 sq.m.
1680108,Silvertown,122695,2022-05-08,4.1,3,Semi-detached,219.2 sq.m.
1536829,Poppleton,210018,2021-06-19,7.7,4,Detached,351.1 sq.m.
1988566,Teasdale,384349,2021-07-14,7.2,5,Detached,455.8 sq.m.
1237950,Silvertown,371594,2021-05-30,6.6,6,Detached,518.4 sq.m.
1848799,Poppleton,310817,2021-07-30,6.9,5,Det.,475.5 sq.m.
1866538,Silvertown,61086,2021-07-01,8,2,Terraced,169.5 sq.m.
1489036,Teasdale,84418,2020-07-20,6.9,2,Semi-detached,133.0 sq.m.
1069572,Teasdale,463700,2020-07-16,2.7,6,Detached,591.2 sq.m.
1360687,Silvertown,267315,2022-05-25,6.2,4,Detached,371.4 sq.m.
1764310,Silvertown,246964,2022-09-04,7.7,4,Detached,390.8 sq.m.
1783178,Teasdale,181586,2021-12-04,7.7,3,Detached,232.7 sq.m.
1522263,Silvertown,270089,2022-09-16,4.6,4,Detached,377.5 sq.m.
1009325,Riverford,194897,2021-07-24,6.7,4,Detached,394.8 sq.m.
1409940,--,334251,2020-12-12,5.1,6,Detached,539.5 sq.m.
1203325,Silvertown,224991,2021-04-24,5.9,3,Detached,296.3 sq.m.
1865764,Poppleton,67103,2020-11-04,6.8,3,Terraced,237.6 sq.m.
1877749,Teasdale,216231,2021-04-03,5.5,3,Det.,256.7 sq.m.
1183553,Teasdale,320124,2020-09-27,6.8,5,Detached,428.9 sq.m.
1124567,Riverford,64584,2021-01-07,5.1,2,Semi-detached,172.9 sq.m.
1889393,Teasdale,385238,2021-05-27,7.8,5,Detached,453.7 sq.m.
1502114,Poppleton,248083,2022-10-23,8.9,5,Detached,424.8 sq.m.
1171557,Silvertown,225972,2021-07-12,9.8,4,Det.,302.4 sq.m.
1019238,Silvertown,199495,2021-05-11,8.8,3,Det.,284.0 sq.m.
1479094,Riverford,75716,2020-03-01,6.1,3,Semi-detached,212.3 sq.m.
1422349,Poppleton,97538,2020-08-20,4.8,3,Semi-detached,223.2 sq.m.
1034402,Riverford,129899,2021-06-29,7.7,3,Detached,261.3 sq.m.
1943377,Silvertown,409284,2021-09-07,4.5,6,Detached,558.1 sq.m.
1683570,Poppleton,265135,2020-06-23,5.8,5,Detached,424.4 sq.m.
1632453,Poppleton,252808,2020-01-05,4.4,5,Detached,416.6 sq.m.
1029841,Poppleton,99687,2020-04-12,6.3,3,Semi-detached,232.9 sq.m.
1510942,--,87391,2022-04-06,3.8,2,Semi-detached,158.6 sq.m.
1655586,Silvertown,366027,2020-01-31,8.4,6,Detached,513.8 sq.m.
1276605,Teasdale,443580,2021-10-17,2.2,6,Detached,575.8 sq.m.
1917444,Silvertown,54430,2022-08-02,5.4,2,Semi-detached,106.7 sq.m.
1094153,Teasdale,483527,2022-04-24,4.4,6,Detached,592.5 sq.m.
1843488,Poppleton,180991,2020-06-19,5.7,3,Detached,293.3 sq.m.
1437921,Teasdale,86553,2022-03-21,9.1,2,Semi-detached,138.9 sq.m.
1656047,Silvertown,346097,2022-05-20,4.4,5,Detached,472.6 sq.m.
1169460,Poppleton,203695,2021-12-20,5.1,4,Detached,316.9 sq.m.
1858483,Teasdale,333975,2020-01-20,6,5,Detached,405.4 sq.m.
1771835,Teasdale,407825,2020-04-30,6,5,Detached,497.1 sq.m.
1800459,Poppleton,283225,2022-01-10,7.5,5,Detached,461.1 sq.m.
1682963,Teasdale,222156,2022-03-15,6.8,3,Detached,277.5 sq.m.
1421023,Poppleton,314835,2021-05-01,6.4,6,Detached,518.9 sq.m.
1415530,Poppleton,174921,2022-12-14,4.3,3,Detached,286.8 sq.m.
1930462,Teasdale,454420,2021-05-16,4.2,6,Detached,517.1 sq.m.
1037459,Silvertown,76795,2021-07-03,5,2,Semi-detached,140.6 sq.m.
1871023,Riverford,213427,2021-08-26,8.2,5,Detached,455.2 sq.m.
1250128,Silvertown,178195,2022-05-24,6.5,3,Detached,281.5 sq.m.
1180611,Teasdale,212812,2020-09-08,4.6,3,Detached,249.2 sq.m.
1908090,--,388118,2020-08-30,7.3,5,Detached,467.5 sq.m.
1035958,Teasdale,138353,2022-01-29,6.2,3,Semi,212.0 sq.m.
1833753,Teasdale,403940,2020-01-03,5.7,6,Detached,526.3 sq.m.
1281890,Teasdale,80587,2020-10-11,6,2,Semi-detached,134.7 sq.m.
1049580,Teasdale,201839,2021-07-15,7.2,3,Detached,257.8 sq.m.
1166868,Silvertown,213801,2021-11-19,4.9,3,Detached,292.9 sq.m.
1464727,Silvertown,301698,2020-05-19,6.2,5,Detached,444.2 sq.m.
1805787,Silvertown,301352,2022-06-15,4.6,4,Det.,386.1 sq.m.
1552531,Silvertown,193803,2022-04-22,8.5,3,Detached,268.2 sq.m.
1521271,Riverford,138603,2021-11-03,10.6,4,Detached,304.2 sq.m.
1167348,Poppleton,265863,2021-04-18,2.4,5,Det.,470.3 sq.m.
1290077,Poppleton,214252,2020-05-28,4.6,4,Detached,349.5 sq.m.
1150869,Poppleton,213061,2022-07-10,6.2,4,Detached,373.3 sq.m.
1128031,Teasdale,322419,2020-01-20,5.7,5,Detached,403.8 sq.m.
1168990,Silvertown,70157,2022-06-03,3.8,2,Terraced,196.1 sq.m.
1842451,Silvertown,354734,2022-05-08,2.9,5,Detached,497.6 sq.m.
1463399,Poppleton,53281,2020-04-09,5,2,Semi-detached,136.7 sq.m.
1857954,Poppleton,239130,2021-11-14,4.9,4,Detached,371.4 sq.m.
1658810,Teasdale,130772,2022-10-17,7.6,3,Semi-detached,207.9 sq.m.
1095867,Silvertown,359823,2022-04-18,5.1,6,Detached,503.8 sq.m.
1753061,Poppleton,296112,2020-12-15,4.9,5,Det.,470.6 sq.m.
1637988,Poppleton,303957,2020-07-26,5.6,5,Detached,468.3 sq.m.
1980005,Teasdale,477670,2020-10-26,5,6,Detached,575.5 sq.m.
1146564,Teasdale,176950,2020-10-03,5.1,3,Detached,227.0 sq.m.
1928734,Poppleton,53754,2020-12-28,4.9,2,Terraced,177.3 sq.m.
1702512,Silvertown,417302,2022-02-12,6.5,6,Detached,597.2 sq.m.
1281449,Poppleton,184344,2022-01-01,5.2,3,Detached,292.9 sq.m.
1988150,Silvertown,193043,2021-09-29,5.4,3,Detached,273.0 sq.m.
1458307,Teasdale,457198,2022-04-30,5.1,6,Detached,554.9 sq.m.
1930561,Teasdale,417872,2020-10-03,2.8,6,Detached,569.7 sq.m.
1995994,Teasdale,371174,2021-10-16,5.5,5,Detached,442.1 sq.m.
1127944,Silvertown,55679,2021-12-03,6.1,2,Terraced,162.3 sq.m.
1121170,Silvertown,343058,2021-03-15,3.9,6,Detached,508.2 sq.m.
1520725,Riverford,245075,2022-04-22,4.6,5,Detached,495.8 sq.m.
1071136,Silvertown,54524,2021-02-16,8.5,2,Terraced,155.0 sq.m.
1916474,Poppleton,317340,2021-08-31,5.2,6,Detached,512.1 sq.m.
1256263,Poppleton,378315,2021-02-20,4.4,6,Detached,571.1 sq.m.
1477196,Poppleton,91504,2022-04-13,5.8,3,Semi-detached,218.3 sq.m.
1635707,Teasdale,472319,2021-04-22,3,6,Detached,568.1 sq.m.
1251587,Poppleton,94106,2021-02-13,2.4,2,Semi-detached,186.4 sq.m.
1450091,--,345766,2020-07-29,5.5,5,Detached,479.0 sq.m.
1011982,Teasdale,215635,2020-01-10,7.2,4,Detached,304.3 sq.m.
1008985,Teasdale,417387,2022-10-12,7,6,Detached,537.2 sq.m.
1529751,--,341815,2022-12-08,7.3,6,Detached,540.0 sq.m.
1679022,Teasdale,274460,2021-09-30,NA,4,Detached,353.1 sq.m.
1570368,Poppleton,173455,2020-10-26,7.2,4,Detached,304.0 sq.m.
1451623,--,339267,2020-03-21,2.2,6,Det.,561.6 sq.m.
1130844,Teasdale,471787,2021-09-14,5.2,6,Detached,553.6 sq.m.
1640403,Poppleton,292090,2021-07-31,7.8,5,Det.,489.4 sq.m.
1760892,Poppleton,211168,2021-05-29,5.7,4,Detached,340.3 sq.m.
1475202,Silvertown,255234,2022-03-23,4.3,4,Detached,361.3 sq.m.
1596659,Silvertown,179348,2022-12-06,7.3,3,Detached,243.0 sq.m.
1967491,Teasdale,466304,2022-10-20,NA,6,Detached,578.5 sq.m.
1848891,Riverford,258820,2021-03-08,4,6,Detached,586.7 sq.m.
1508452,Silvertown,337815,2020-02-06,4.9,6,Detached,505.0 sq.m.
1482995,Teasdale,398520,2022-01-10,7.5,5,Detached,498.3 sq.m.
1662358,Poppleton,217070,2021-01-15,6.3,4,Det.,360.8 sq.m.
1560595,Riverford,146023,2020-11-09,6.8,3,Det.,283.8 sq.m.
1375107,Poppleton,185748,2021-09-28,4.4,4,Detached,305.7 sq.m.
1471399,Teasdale,455923,2020-02-22,6.3,6,Detached,591.5 sq.m.
1330277,Teasdale,41402,2021-07-22,5,2,Terraced,102.0 sq.m.
1855564,Teasdale,437908,2021-03-01,7.3,6,Detached,536.0 sq.m.
1624270,Silvertown,108871,2021-05-22,2.9,2,Semi-detached,191.4 sq.m.
1493721,Silvertown,294225,2022-07-17,6.9,5,Detached,425.4 sq.m.
1133211,Teasdale,312148,2022-06-11,8.3,5,Detached,428.6 sq.m.
1920396,Riverford,246518,2020-04-17,6.6,5,Detached,482.6 sq.m.
1265998,Poppleton,241834,2022-09-30,8.5,5,Detached,423.0 sq.m.
1375134,Teasdale,486265,2022-04-18,5.2,6,Detached,593.4 sq.m.
1753791,Silvertown,320010,2022-06-27,6.7,5,Detached,456.3 sq.m.
1365938,Teasdale,344703,2020-01-14,4.4,5,Detached,445.4 sq.m.
1329438,Silvertown,277294,2022-10-06,9.5,5,Detached,412.8 sq.m.
1840774,Teasdale,111346,2021-02-23,5.2,2,Semi-detached,194.2 sq.m.
1181342,Riverford,242347,2020-07-22,6.9,5,Detached,485.5 sq.m.
1545670,Riverford,29749,2022-09-28,5,2,Terraced,120.1 sq.m.
1575047,Riverford,44366,2021-08-03,8,2,Semi-detached,119.0 sq.m.
1229099,Teasdale,415213,2022-04-09,3.6,6,Detached,539.9 sq.m.
1562788,Teasdale,198120,2020-11-21,5.7,3,Detached,257.5 sq.m.
1027380,Silvertown,55584,2021-01-02,8.3,2,Semi-detached,104.9 sq.m.
1472163,Silvertown,179509,2022-12-23,5.3,3,Detached,288.5 sq.m.
1375835,Teasdale,463907,2020-09-17,5.4,6,Detached,573.0 sq.m.
1037495,Silvertown,300849,2021-05-22,4.7,5,Det.,493.0 sq.m.
1016104,Silvertown,216118,2020-08-06,6.4,4,Detached,315.9 sq.m.
1124949,Silvertown,280519,2022-08-02,8.4,4,Detached,388.9 sq.m.
1286904,Riverford,29387,2021-11-17,3.6,2,Terraced,123.4 sq.m.
1513003,Silvertown,315619,2022-05-26,6.2,5,Detached,435.6 sq.m.
1319066,Silvertown,111140,2020-07-03,4.7,2,Semi,198.4 sq.m.
1073648,Teasdale,276131,2021-10-14,6.5,4,Detached,356.6 sq.m.
1006587,Teasdale,254229,2020-09-07,1.9,4,Detached,321.2 sq.m.
1046910,Poppleton,383896,2020-07-19,7,6,Detached,574.7 sq.m.
1950356,Riverford,55579,2020-04-30,3.8,2,Semi-detached,146.3 sq.m.
1886763,Poppleton,237106,2022-02-19,7.6,5,Detached,413.6 sq.m.
1071798,Teasdale,203825,2022-11-03,3.7,3,Detached,256.4 sq.m.
1422210,Poppleton,66572,2021-08-20,7.6,2,Semi-detached,134.6 sq.m.
1022222,Silvertown,179653,2022-07-20,3.2,3,Detached,258.1 sq.m.
1941036,Silvertown,86839,2022-01-20,6.4,2,Semi-detached,173.0 sq.m.
1094843,Poppleton,47106,2021-04-14,6.8,2,Semi-detached,104.0 sq.m.
1672733,Poppleton,51634,2021-04-06,7.3,2,Semi-detached,113.2 sq.m.
1677755,Silvertown,37369,2022-07-03,3,2,Terraced,101.7 sq.m.
1320704,Silvertown,37360,2022-07-01,6.1,2,Terraced,107.4 sq.m.
1325825,Poppleton,235464,2022-11-29,5,5,Detached,410.4 sq.m.
1367339,Silvertown,70371,2022-07-20,7.2,2,Semi-detached,133.3 sq.m.
1720211,Silvertown,52562,2022-10-21,NA,2,Terraced,152.4 sq.m.
1550735,--,131551,2021-07-24,3.6,3,Detached,215.3 sq.m.
1382132,Poppleton,143726,2021-07-29,4.7,3,Detached,246.3 sq.m.
1867587,Silvertown,301040,2021-05-08,7.3,5,Detached,446.2 sq.m.
1406280,Teasdale,195149,2020-04-11,3.9,3,Detached,243.7 sq.m.
1897427,--,97706,2020-08-04,9.3,3,Terraced,234.8 sq.m.
1879622,Poppleton,245249,2021-07-12,5.8,5,Detached,406.1 sq.m.
1421393,Riverford,36466,2021-08-25,4.6,2,Terraced,144.9 sq.m.
1921024,Silvertown,218406,2021-05-31,5.6,4,Detached,316.8 sq.m.
1752476,Poppleton,156297,2020-10-09,4.3,3,Detached,273.2 sq.m.
1291189,Teasdale,204099,2021-09-20,3.1,3,Detached,281.8 sq.m.
1416637,Riverford,77186,2020-06-05,3.3,3,Semi-detached,225.2 sq.m.
1954944,Silvertown,378780,2020-05-23,4.3,6,Detached,544.9 sq.m.
1032687,Silvertown,43333,2020-07-21,6,2,Terraced,114.4 sq.m.
1888036,Silvertown,56982,2022-08-11,7,2,Terraced,169.5 sq.m.
1808939,Teasdale,327338,2020-11-13,4.8,4,Detached,359.4 sq.m.
1285895,Silvertown,339875,2021-01-12,3.3,5,Detached,487.1 sq.m.
1233627,Teasdale,419727,2020-01-20,4.5,6,Detached,526.9 sq.m.
1333860,Poppleton,79258,2020-06-28,3.4,2,Semi,170.4 sq.m.
1444776,Riverford,284763,2021-03-23,7.2,6,Detached,578.6 sq.m.
1232228,Silvertown,312084,2020-03-19,6.1,5,Detached,475.3 sq.m.
1624380,Teasdale,64402,2020-11-16,8.4,2,Terraced,170.0 sq.m.
1358710,Poppleton,243194,2020-04-14,4.1,5,Detached,402.6 sq.m.
1377544,Silvertown,444934,2021-01-02,6.6,6,Det.,591.0 sq.m.
1267290,Silvertown,294775,2021-11-15,6.3,5,Detached,427.8 sq.m.
1139840,Silvertown,423537,2021-11-23,9.7,6,Detached,579.8 sq.m.
1731052,Silvertown,370200,2020-02-19,5.4,6,Detached,551.0 sq.m.
1112795,Silvertown,304340,2021-03-11,4.7,5,Detached,415.5 sq.m.
1386473,Teasdale,415688,2022-09-28,6.2,6,Detached,530.9 sq.m.
1067312,Silvertown,263986,2020-03-12,4.1,4,Detached,367.0 sq.m.
1069910,Poppleton,281619,2021-10-10,9.3,5,Detached,451.5 sq.m.
1224266,Silvertown,258261,2021-06-28,4.6,4,Detached,361.1 sq.m.
1619080,Teasdale,267229,2020-07-10,7.1,4,Det.,335.1 sq.m.
1520781,Silvertown,234881,2022-02-08,5.3,4,Detached,338.5 sq.m.
1516889,Poppleton,294418,2021-09-17,1.8,6,Detached,514.5 sq.m.
1585100,Silvertown,319656,2020-05-16,5.4,5,Detached,441.4 sq.m.
1030379,Silvertown,53965,2021-08-08,5.9,2,Semi-detached,111.2 sq.m.
1328789,Teasdale,232730,2022-12-24,7.2,3,Detached,277.2 sq.m.
1659651,Silvertown,46673,2020-02-29,6.7,2,Semi-detached,101.0 sq.m.
1644786,--,261715,2020-02-22,3.2,6,Detached,552.1 sq.m.
1159201,Teasdale,87509,2020-12-29,5.6,2,Semi-detached,144.1 sq.m.
1034795,Silvertown,247106,2022-01-04,4.6,4,Detached,383.0 sq.m.
1031796,--,69817,2020-10-24,2.7,3,Terraced,223.2 sq.m.
1253220,Poppleton,168742,2022-04-29,3.1,4,Detached,313.7 sq.m.
1500771,Silvertown,245127,2020-09-04,5,4,Detached,357.2 sq.m.
1721933,Teasdale,278129,2021-04-17,3.4,4,Detached,342.9 sq.m.
1279074,Teasdale,94069,2020-02-27,6.5,3,Terraced,234.1 sq.m.
1804281,Poppleton,142790,2021-07-24,3.5,3,Detached,241.6 sq.m.
1464675,Silvertown,338763,2022-06-13,7.3,6,Detached,528.4 sq.m.
1298355,--,75658,2021-04-05,7.2,3,Terr.,228.1 sq.m.
1705357,Silvertown,308984,2020-01-09,6.5,5,Detached,433.9 sq.m.
1992494,Teasdale,65893,2020-12-06,4.8,2,Semi,104.4 sq.m.
1461222,Teasdale,375200,2020-06-23,10.8,5,Detached,448.3 sq.m.
1328607,Riverford,242746,2022-07-04,5,5,Detached,487.1 sq.m.
1719924,Teasdale,86846,2020-09-07,2.3,3,Terraced,222.3 sq.m.
1261071,Silvertown,206289,2022-03-02,6.2,3,Detached,291.5 sq.m.
1527872,Silvertown,236010,2022-09-24,5.5,4,Detached,333.9 sq.m.
1440796,Silvertown,400698,2022-03-13,6.5,6,Detached,574.9 sq.m.
1601956,Poppleton,71488,2020-05-13,7.3,2,Semi-detached,162.1 sq.m.
1504371,--,111107,2022-10-31,3.5,3,Detached,220.8 sq.m.
1176745,Poppleton,285120,2022-07-18,2.7,5,Detached,486.7 sq.m.
1970048,--,83181,2022-06-01,2.3,2,Semi-detached,130.7 sq.m.
1014145,Poppleton,89203,2020-10-03,8.2,3,Semi-detached,211.2 sq.m.
1990195,Poppleton,312075,2021-02-25,4.3,5,Detached,492.3 sq.m.
1710943,Riverford,46583,2022-01-01,5.1,2,Semi,132.6 sq.m.
1887234,Silvertown,375268,2020-05-20,9.5,6,Detached,566.2 sq.m.
1729121,--,203360,2021-09-10,7.5,3,Detached,299.1 sq.m.
1829367,--,88707,2022-06-14,2.5,2,Semi-detached,157.0 sq.m.
1884153,Silvertown,59911,2022-11-12,1.9,2,Terraced,171.5 sq.m.
1418266,Silvertown,398613,2020-08-02,8,6,Detached,550.8 sq.m.
1633185,Riverford,164661,2021-03-17,8.8,4,Detached,328.9 sq.m.
1882753,Teasdale,88477,2020-09-24,6.5,3,Terraced,224.3 sq.m.
1807802,Poppleton,301959,2020-02-04,5.2,6,Detached,512.8 sq.m.
1791897,Silvertown,125395,2022-04-04,6.6,2,Detached,185.0 sq.m.
1519372,Silvertown,204365,2022-05-29,8.8,3,Detached,288.2 sq.m.
1657359,Poppleton,379336,2021-06-24,NA,6,Detached,594.9 sq.m.
1058044,Riverford,231467,2021-01-31,4.9,5,Detached,495.8 sq.m.
1841863,Poppleton,89209,2021-02-25,3.8,3,Semi-detached,206.1 sq.m.
1025825,Silvertown,255845,2022-08-25,5,4,Detached,371.8 sq.m.
1930557,Silvertown,124484,2022-12-01,5.2,3,Semi-detached,232.6 sq.m.
1436257,Silvertown,347671,2021-06-03,4.9,5,Detached,489.1 sq.m.
1578473,Poppleton,379867,2022-01-16,5.7,6,Detached,598.6 sq.m.
1897283,--,210926,2021-01-10,3.3,3,Detached,246.5 sq.m.
1849901,Silvertown,416333,2021-09-05,8.7,6,Detached,583.2 sq.m.
1216336,Poppleton,324966,2021-10-03,5.3,6,Detached,596.6 sq.m.
1186664,Silvertown,87689,2020-06-25,7.9,2,Semi-detached,183.5 sq.m.
1373696,--,246773,2021-12-10,9.8,4,Detached,378.9 sq.m.
1850239,Poppleton,155159,2021-05-29,6.5,3,Detached,269.4 sq.m.
1429619,Poppleton,186607,2020-09-08,5.7,4,Detached,312.5 sq.m.
1876398,Silvertown,282277,2021-01-04,6.8,4,Detached,388.0 sq.m.
1218910,Riverford,27902,2021-02-19,7.7,2,Terraced,117.6 sq.m.
1390723,Teasdale,206908,2021-06-11,6.3,4,Detached,304.4 sq.m.
1644934,Riverford,219753,2021-08-18,0.6,5,Detached,461.1 sq.m.
1924272,Poppleton,290457,2021-12-29,7.3,6,Detached,543.3 sq.m.
1458707,Silvertown,373177,2022-10-25,5.8,6,Detached,544.7 sq.m.
1719139,Riverford,261680,2020-07-19,3.8,6,Detached,537.7 sq.m.
1151354,Poppleton,213912,2020-03-09,3.9,4,Detached,359.4 sq.m.
1975142,Teasdale,398888,2021-12-17,2,5,Detached,482.1 sq.m.
1209442,Silvertown,231873,2020-07-07,5.8,4,Detached,332.0 sq.m.
1518925,Poppleton,170092,2022-12-21,4.5,3,Detached,281.6 sq.m.
1564211,Poppleton,247907,2022-05-06,5.9,5,Detached,403.7 sq.m.
1422937,Teasdale,51187,2020-11-08,4.9,2,Terraced,122.8 sq.m.
1166911,Teasdale,226629,2021-06-06,7.7,3,Detached,292.2 sq.m.
1807732,Silvertown,221271,2021-10-23,3.9,4,Detached,312.1 sq.m.
1604508,Silvertown,230186,2022-07-14,4.6,4,Detached,327.7 sq.m.
1991210,Silvertown,76676,2021-04-03,11.3,3,Terraced,214.3 sq.m.
1401675,Silvertown,404199,2022-12-26,8.9,6,Detached,549.0 sq.m.
1212300,Silvertown,280667,2020-04-16,7,4,Detached,391.3 sq.m.
1419111,Poppleton,56726,2020-12-28,3.2,2,Semi-detached,125.9 sq.m.
1248329,--,351935,2022-06-26,6.2,5,Detached,493.5 sq.m.
1569660,Poppleton,233671,2020-02-26,4.6,4,Detached,394.5 sq.m.
1757147,Silvertown,241756,2020-08-31,4.9,4,Detached,370.1 sq.m.
1438805,Silvertown,60548,2020-04-20,5.4,2,Terraced,186.6 sq.m.
1637981,Teasdale,258938,2021-09-23,7.9,4,Detached,333.7 sq.m.
1881658,Poppleton,198199,2020-02-29,7.6,4,Detached,327.2 sq.m.
1215812,Poppleton,92779,2021-09-27,11.7,3,Semi-detached,205.2 sq.m.
1664399,--,216018,2021-01-17,3.1,4,Detached,311.0 sq.m.
1074831,Teasdale,329695,2020-07-15,10.4,5,Detached,423.8 sq.m.
1049200,Teasdale,438626,2022-01-27,3.4,6,Detached,521.8 sq.m.
1398077,Teasdale,275575,2022-08-04,5.7,4,Detached,348.6 sq.m.
1497976,Riverford,171912,2021-01-06,8.6,4,Detached,350.0 sq.m.
1105017,Poppleton,305955,2022-08-18,4.1,5,Detached,492.3 sq.m.
1835489,Silvertown,83679,2022-07-16,6.5,2,Semi-detached,175.7 sq.m.
1918204,Riverford,252055,2022-12-29,9.5,6,Detached,533.5 sq.m.
1597975,Silvertown,70882,2020-11-17,4.8,3,Terraced,204.5 sq.m.
1211594,Silvertown,284903,2022-04-10,7.8,5,Detached,421.5 sq.m.
1405523,Silvertown,343381,2021-06-01,6.3,5,Detached,478.0 sq.m.
1147303,Riverford,159340,2020-09-16,7,4,Detached,324.9 sq.m.
1718392,Silvertown,86335,2020-05-08,NA,2,Semi-detached,173.8 sq.m.
1386198,Poppleton,34162,2021-04-09,6.5,2,Terraced,113.7 sq.m.
1549639,Silvertown,279547,2021-12-09,7.7,4,Detached,390.2 sq.m.
1040647,Silvertown,201932,2021-04-24,2.2,3,Det.,294.3 sq.m.
1364727,Poppleton,46274,2022-08-28,7.7,2,Terraced,149.6 sq.m.
1125223,Poppleton,227289,2021-11-03,7.6,4,Detached,394.4 sq.m.
1887321,Poppleton,154440,2022-09-05,5.8,3,Detached,274.5 sq.m.
1598909,Poppleton,332904,2020-01-05,2.9,6,Detached,524.1 sq.m.
1491632,Silvertown,73750,2020-06-25,3.2,3,Terraced,209.9 sq.m.
1833883,Teasdale,321102,2020-03-16,4,4,Detached,389.5 sq.m.
1625589,--,210881,2022-06-14,2.6,4,Detached,359.7 sq.m.
1204470,Teasdale,341904,2022-03-07,8.9,5,Detached,408.3 sq.m.
1171863,Silvertown,326559,2022-03-28,3.3,5,Detached,470.1 sq.m.
1438302,Riverford,286507,2021-03-20,6.5,6,Detached,550.7 sq.m.
1241963,Silvertown,423804,2020-01-12,2.6,6,Detached,598.2 sq.m.
1312507,Poppleton,74283,2022-04-12,4.7,3,Terraced,232.5 sq.m.
1563994,Teasdale,245060,2021-01-11,5.7,3,Detached,282.1 sq.m.
1953903,Silvertown,277188,2021-10-09,3.6,4,Detached,360.0 sq.m.
1892453,Teasdale,254071,2020-07-16,NA,4,Detached,312.4 sq.m.
1900407,Teasdale,409704,2021-11-14,6.4,6,Detached,502.9 sq.m.
1612365,Riverford,46828,2022-11-01,8.8,2,Terraced,191.8 sq.m.
1246701,Riverford,285237,2022-09-13,5.6,6,Detached,554.9 sq.m.
1332844,--,365574,2022-11-22,3.4,6,Det.,556.6 sq.m.
1467017,Silvertown,250883,2020-01-09,8.2,4,Detached,321.2 sq.m.
1784355,Riverford,70406,2022-06-30,7.2,2,Semi-detached,182.2 sq.m.
1570453,--,152657,2020-11-26,7.3,3,Detached,298.0 sq.m.
1487508,Teasdale,262254,2020-05-20,6,4,Detached,314.8 sq.m.
1132548,Teasdale,97239,2022-05-30,9,3,Terr.,234.8 sq.m.
1509587,Poppleton,180414,2022-08-02,3.4,3,Detached,272.3 sq.m.
1001618,Poppleton,282662,2020-08-15,2.4,5,Detached,482.4 sq.m.
1510070,Poppleton,312925,2020-01-20,6.5,5,Detached,495.4 sq.m.
1027849,Poppleton,249832,2021-02-24,2.8,5,Detached,441.4 sq.m.
1045313,Silvertown,369606,2022-07-28,7.5,6,Detached,540.3 sq.m.
1032788,--,45988,2022-07-08,9.4,2,Terraced,116.6 sq.m.
1140256,Silvertown,303749,2020-06-27,5.7,5,Detached,424.8 sq.m.
1624736,Teasdale,331152,2020-07-15,7.8,5,Detached,414.0 sq.m.
1298353,Silvertown,197702,2020-06-23,7,4,Detached,302.0 sq.m.
1625823,Teasdale,251465,2020-01-19,6.2,4,Detached,324.8 sq.m.
1287690,Teasdale,464356,2020-12-29,4.7,6,Detached,570.8 sq.m.
1873956,Poppleton,314959,2021-11-10,6.9,6,Detached,545.3 sq.m.
1098103,Teasdale,423790,2021-04-08,9.2,6,Detached,556.6 sq.m.
1923248,Riverford,241080,2021-08-17,3.8,5,Detached,486.0 sq.m.
1566683,Silvertown,239102,2021-11-18,3.6,4,Detached,332.7 sq.m.
1410579,Silvertown,331013,2021-06-30,6.9,6,Detached,510.2 sq.m.
1188073,Silvertown,287810,2020-12-15,6.9,4,Detached,389.1 sq.m.
1049250,Teasdale,399148,2020-08-11,4.2,5,Detached,455.2 sq.m.
1482978,Silvertown,284099,2022-10-26,5.4,5,Detached,411.7 sq.m.
1543604,Silvertown,326659,2021-09-21,7.8,5,Detached,453.3 sq.m.
1668276,Teasdale,487870,2021-01-18,6.9,6,Detached,561.1 sq.m.
1922972,Teasdale,89160,2022-09-18,4.1,3,Terraced,240.0 sq.m.
1121506,Silvertown,287850,2022-11-15,9,5,Detached,464.7 sq.m.
1839067,Teasdale,251620,2020-11-14,3.7,4,Detached,305.0 sq.m.
1486915,Silvertown,253884,2020-07-25,5,4,Detached,353.9 sq.m.
1871098,Riverford,179692,2020-01-26,7.5,4,Detached,370.7 sq.m.
1867281,Teasdale,107651,2021-09-22,4.6,2,Semi-detached,174.4 sq.m.
1435319,Poppleton,44035,2021-12-25,4.6,2,Terr.,137.7 sq.m.
1282303,Silvertown,42598,2021-01-11,6.9,2,Terraced,118.4 sq.m.
1759657,Teasdale,457596,2022-10-25,9.3,6,Detached,576.3 sq.m.
1810913,Teasdale,246691,2021-10-22,6.9,4,Detached,331.4 sq.m.
1944176,Poppleton,229350,2020-08-13,7.3,4,Detached,398.9 sq.m.
1617244,Teasdale,254541,2022-01-31,6.8,4,Detached,306.4 sq.m.
1897399,Silvertown,67388,2021-08-27,6.7,2,Semi-detached,121.9 sq.m.
1643856,Silvertown,61178,2022-10-18,5.7,2,Semi-detached,125.1 sq.m.
1200264,Teasdale,472798,2021-11-05,6.6,6,Detached,585.2 sq.m.
1450742,Poppleton,359793,2020-12-15,3,6,Detached,583.5 sq.m.
1927616,Silvertown,310380,2021-12-31,5.3,5,Detached,421.9 sq.m.
1886105,Teasdale,214140,2020-07-06,7.4,3,Detached,248.4 sq.m.
1781744,Poppleton,275702,2022-09-16,5,5,Detached,454.2 sq.m.
1207020,Poppleton,246349,2022-03-16,5.3,5,Det.,415.1 sq.m.
1867890,Teasdale,449336,2022-09-08,7.1,6,Detached,599.0 sq.m.
1090445,Riverford,129812,2022-05-14,7.1,3,Detached,277.8 sq.m.
1840409,Silvertown,415694,2022-02-05,8.4,6,Detached,571.9 sq.m.
1840163,Silvertown,89365,2022-11-29,5.7,2,Semi-detached,167.2 sq.m.
1260544,Silvertown,116552,2020-06-15,11.8,3,Semi-detached,227.8 sq.m.
1880762,Teasdale,114727,2022-02-22,1.7,3,Semi-detached,209.7 sq.m.
1328959,Silvertown,171043,2021-11-14,3.5,3,Det.,241.5 sq.m.
1245466,Silvertown,220595,2022-09-24,2.5,3,Detached,299.2 sq.m.
1440583,Silvertown,282206,2022-08-30,6.4,5,Detached,406.5 sq.m.
1803126,Teasdale,448512,2022-10-01,4.6,6,Detached,569.8 sq.m.
1124806,--,390983,2020-03-21,3.6,6,Detached,522.2 sq.m.
1542713,Poppleton,370456,2021-03-02,5.7,6,Detached,588.1 sq.m.
1626141,Poppleton,315898,2020-11-22,3.5,6,Detached,532.6 sq.m.
1341975,Teasdale,406686,2022-05-23,8.3,6,Detached,523.9 sq.m.
1755997,Poppleton,209335,2022-04-19,5.2,4,Detached,350.0 sq.m.
1550067,Teasdale,323755,2020-12-13,3.7,5,Detached,414.3 sq.m.
1567024,Poppleton,203117,2020-08-18,4.8,4,Det.,318.3 sq.m.
1509334,Silvertown,384130,2022-08-31,6.4,6,Detached,526.8 sq.m.
1137000,Silvertown,262497,2020-01-20,7.9,4,Detached,371.4 sq.m.
1778709,--,354953,2021-05-26,6.3,5,Detached,491.9 sq.m.
1693997,Teasdale,416775,2020-08-09,2.4,5,Detached,488.1 sq.m.
1368878,Silvertown,120459,2022-02-17,8.7,3,Semi-detached,239.2 sq.m.
1667394,Silvertown,302106,2020-09-14,7.7,5,Detached,412.7 sq.m.
1300404,--,200253,2020-08-30,5.4,3,Detached,270.7 sq.m.
1820194,Poppleton,394223,2020-05-12,6.3,6,Detached,598.4 sq.m.
1511093,Poppleton,241750,2022-07-27,6.5,5,Detached,402.4 sq.m.
1240644,Riverford,145226,2021-11-26,7.1,4,Detached,322.4 sq.m.
1458817,Poppleton,55789,2021-07-13,4.6,2,Semi-detached,116.5 sq.m.
1896257,Riverford,275148,2020-01-16,6.1,6,Detached,510.6 sq.m.
1784296,Silvertown,209861,2021-05-02,4,3,Detached,287.9 sq.m.
1483175,Teasdale,66272,2020-12-31,8.4,2,Terraced,174.5 sq.m.
1441365,Silvertown,76998,2022-01-10,7.7,3,Terraced,208.3 sq.m.
1693374,Poppleton,352449,2021-11-20,6.9,6,Detached,562.4 sq.m.
1386213,Poppleton,74700,2020-05-02,4.7,2,Semi,172.8 sq.m.
1586352,Silvertown,60350,2020-03-18,6.9,2,Semi-detached,113.7 sq.m.
1698956,Teasdale,60213,2022-08-22,6.5,2,Semi-detached,106.0 sq.m.
1267799,Silvertown,364906,2022-01-24,6.5,6,Detached,528.0 sq.m.
1542591,Poppleton,58051,2022-12-12,5.4,2,Semi-detached,123.5 sq.m.
1097108,Teasdale,221941,2021-09-16,5.2,3,Detached,287.2 sq.m.
1772362,Poppleton,335588,2020-08-24,6.8,6,Detached,551.2 sq.m.
1040638,Riverford,177220,2020-02-28,3.4,4,Detached,349.3 sq.m.
1256594,Teasdale,249923,2022-05-04,4.2,4,Detached,307.1 sq.m.
1819804,Poppleton,231562,2021-10-25,4.9,4,Detached,373.1 sq.m.
1035550,Poppleton,58922,2020-03-01,4.2,2,Semi-detached,136.0 sq.m.
1744369,Silvertown,358828,2020-11-01,4.4,6,Detached,513.0 sq.m.
1806912,Poppleton,250580,2022-08-24,6.3,5,Detached,409.4 sq.m.
1130933,Silvertown,405419,2021-11-27,6.2,6,Detached,577.3 sq.m.
1944797,Teasdale,437068,2022-10-13,5.6,5,Detached,475.7 sq.m.
1514297,Teasdale,428646,2021-09-05,3.9,6,Detached,579.4 sq.m.
1133435,Teasdale,54959,2022-04-28,6.1,2,Terraced,136.4 sq.m.
1723878,Silvertown,95010,2020-04-19,5.8,2,Semi-detached,175.3 sq.m.
1375644,Teasdale,57317,2020-03-06,7.6,2,Terraced,135.6 sq.m.
1089831,Silvertown,408034,2020-01-26,4.1,6,Detached,531.9 sq.m.
1236347,Teasdale,493093,2020-05-06,4.3,6,Detached,583.4 sq.m.
1033968,Poppleton,55256,2021-11-23,5.3,2,Semi-detached,117.2 sq.m.
1164142,Silvertown,201349,2020-02-26,9,4,Detached,310.9 sq.m.
1480021,Poppleton,81989,2020-02-21,3.1,2,Semi-detached,175.0 sq.m.
1314840,Silvertown,330710,2022-08-01,7,5,Detached,464.6 sq.m.
1092241,Teasdale,374648,2021-05-28,3.9,5,Detached,469.5 sq.m.
1577275,Poppleton,209144,2021-07-27,1.1,4,Detached,326.6 sq.m.
1583062,Teasdale,453651,2020-09-24,5.3,6,Det.,595.6 sq.m.
1556675,Silvertown,226280,2022-02-08,3.2,4,Detached,335.6 sq.m.
1763175,Silvertown,284961,2021-02-02,3.5,4,Detached,393.2 sq.m.
1562955,Silvertown,147028,2021-02-28,4.9,3,Detached,208.2 sq.m.
1472753,Poppleton,247921,2021-03-13,9.1,5,Detached,405.5 sq.m.
1435410,Silvertown,80275,2020-09-13,4.1,2,Semi-detached,141.8 sq.m.
1303692,Silvertown,329420,2022-12-21,7.9,5,Detached,472.2 sq.m.
1658159,Silvertown,302554,2022-06-24,5,5,Detached,448.7 sq.m.
1293497,Silvertown,325426,2022-12-26,8.5,5,Detached,450.0 sq.m.
1935823,Silvertown,325309,2021-02-27,5.7,5,Det.,496.5 sq.m.
1112926,Silvertown,49191,2021-08-21,8.9,2,Semi-detached,103.5 sq.m.
1049091,Silvertown,291828,2020-04-21,3.6,4,Detached,399.9 sq.m.
1949839,Silvertown,204897,2021-03-20,5,3,Detached,292.5 sq.m.
1653992,Silvertown,38223,2021-08-15,3.6,2,Terraced,106.1 sq.m.
1777242,Teasdale,252737,2022-05-28,7.5,4,Detached,310.4 sq.m.
1903260,Silvertown,85885,2020-07-11,6.7,2,Semi-detached,172.7 sq.m.
1328828,Poppleton,283897,2020-07-28,5,6,Detached,518.9 sq.m.
1224317,Silvertown,321064,2020-06-19,8.2,5,Detached,448.9 sq.m.
1461323,Poppleton,206366,2021-09-04,6.6,4,Detached,325.3 sq.m.
1932137,Riverford,175498,2020-05-28,10,4,Detached,350.5 sq.m.
1669460,Silvertown,348579,2022-11-06,7.1,5,Detached,496.2 sq.m.
1558240,Poppleton,320767,2022-09-29,8.1,6,Detached,535.2 sq.m.
1226541,Riverford,68947,2021-01-01,6.5,2,Semi-detached,181.7 sq.m.
1170602,Silvertown,61095,2020-11-18,NA,2,Semi-detached,115.8 sq.m.
1072523,Teasdale,67445,2020-06-13,2.2,2,Semi-detached,108.1 sq.m.
1060994,Silvertown,285350,2020-02-09,5,5,Detached,408.2 sq.m.
1149032,Poppleton,332813,2020-10-17,6.3,6,Detached,552.8 sq.m.
1124211,Silvertown,386810,2020-07-23,3.7,6,Detached,540.3 sq.m.
1306326,Silvertown,416637,2022-08-20,8.9,6,Detached,591.0 sq.m.
1120760,Poppleton,281211,2020-03-26,9.5,5,Detached,485.9 sq.m.
1232992,Teasdale,305999,2021-07-15,7.2,4,Detached,364.9 sq.m.
1937829,Riverford,233111,2020-10-24,NA,5,Detached,438.0 sq.m.
1066669,Riverford,165772,2021-07-09,5.8,4,Det.,304.0 sq.m.
1625844,Poppleton,36456,2021-10-10,4.4,2,Terraced,133.1 sq.m.
1414175,Teasdale,442733,2020-04-07,6.4,6,Detached,552.1 sq.m.
1480243,Poppleton,345394,2022-04-14,4.3,6,Detached,595.4 sq.m.
1762846,Poppleton,346208,2022-08-18,5,6,Detached,562.2 sq.m.
1726453,Teasdale,245611,2021-03-09,2.7,4,Detached,325.3 sq.m.
1985167,--,170290,2020-04-30,4.6,4,Detached,376.5 sq.m.
1784112,Silvertown,203791,2022-03-18,5,3,Detached,271.9 sq.m.
1302367,Teasdale,280949,2022-03-18,3.7,4,Detached,353.9 sq.m.
1553108,Poppleton,98219,2022-01-27,5.8,3,Semi-detached,204.7 sq.m.
1627678,Poppleton,168615,2020-09-26,7.8,3,Detached,272.9 sq.m.
1925306,Riverford,233756,2020-09-12,NA,6,Detached,513.9 sq.m.
1981077,Teasdale,206819,2021-08-30,1.3,3,Detached,268.5 sq.m.
1600359,Silvertown,406906,2020-06-04,5.5,6,Detached,565.6 sq.m.
1860913,Silvertown,82488,2021-05-08,4.3,2,Semi-detached,156.3 sq.m.
1221789,Silvertown,193858,2021-11-18,6.3,4,Detached,307.5 sq.m.
1712095,Silvertown,269966,2022-10-22,4,5,Detached,420.8 sq.m.
1869173,Teasdale,319962,2022-03-17,2.7,4,Detached,393.4 sq.m.
1357211,Teasdale,421254,2020-03-07,7.9,5,Detached,499.0 sq.m.
1173096,Riverford,203069,2021-11-14,1.7,5,Detached,437.5 sq.m.
1173813,Riverford,253487,2022-06-16,7.3,6,Detached,526.9 sq.m.
1519704,Silvertown,322872,2020-11-25,3.1,5,Detached,452.7 sq.m.
1895182,Silvertown,278037,2021-11-01,7.7,4,Detached,394.2 sq.m.
1960720,Riverford,206878,2021-08-14,8.6,4,Detached,390.9 sq.m.
1580529,Silvertown,190333,2021-08-11,1,3,Detached,261.3 sq.m.
1676562,Teasdale,60819,2022-11-27,1.8,2,Semi-detached,107.4 sq.m.
1722765,Teasdale,415206,2020-07-01,7.2,6,Detached,550.1 sq.m.
1046302,Poppleton,207444,2020-01-10,4.4,4,Detached,320.1 sq.m.
1619232,Teasdale,399131,2021-07-02,9.5,5,Detached,488.8 sq.m.
1342593,Silvertown,328729,2022-06-22,3.5,5,Detached,450.7 sq.m.
1591145,Silvertown,389975,2021-04-29,6.8,6,Detached,590.9 sq.m.
1750679,Riverford,215576,2021-07-24,8.1,5,Detached,446.7 sq.m.
1307813,Riverford,48745,2021-09-21,5.7,2,Semi-detached,135.9 sq.m.
1306187,Poppleton,201135,2022-01-24,6.4,4,Detached,331.4 sq.m.
1393254,Riverford,199518,2020-10-14,4.3,5,Detached,402.1 sq.m.
1066607,Teasdale,212402,2022-05-25,10.9,3,Det.,280.3 sq.m.
1742084,Teasdale,115929,2022-10-04,1.9,2,Semi-detached,182.1 sq.m.
1442800,Poppleton,252543,2021-08-15,6.8,5,Detached,427.0 sq.m.
1451857,Poppleton,338942,2020-09-08,4.4,6,Detached,511.9 sq.m.
1882731,--,416639,2022-12-24,8.8,6,Detached,505.2 sq.m.
1680805,Silvertown,313655,2021-04-15,6.1,5,Detached,476.5 sq.m.
1145723,Teasdale,288925,2021-07-07,0.8,4,Detached,347.4 sq.m.
1269355,Poppleton,209116,2021-03-09,6,4,Detached,341.8 sq.m.
1330040,Poppleton,370352,2020-09-05,7.6,6,Detached,599.4 sq.m.
1811893,Poppleton,273661,2022-08-22,4.1,5,Detached,476.9 sq.m.
1422432,Silvertown,366141,2020-07-05,3.9,6,Detached,600.0 sq.m.
1501985,Riverford,193984,2022-04-15,4.7,4,Detached,383.2 sq.m.
1224962,Poppleton,31437,2020-09-18,9,2,Terr.,102.4 sq.m.
1487089,Riverford,105259,2022-08-22,4.2,3,Detached,220.4 sq.m.
1010498,Silvertown,174896,2022-02-16,5,3,Detached,242.9 sq.m.
1939641,Teasdale,426712,2021-03-14,5.5,6,Detached,534.5 sq.m.
1834295,Silvertown,198761,2020-01-19,6.9,3,Detached,270.6 sq.m.
1293594,--,50500,2020-08-21,6.4,2,Semi-detached,138.9 sq.m.
1019689,Silvertown,368647,2020-08-27,4.6,6,Detached,510.8 sq.m.
1443538,Poppleton,197745,2020-11-10,6.1,4,Detached,315.9 sq.m.
1004906,Teasdale,329353,2021-06-05,5.8,5,Detached,422.9 sq.m.
1400177,Silvertown,170773,2022-06-17,3.7,3,Detached,256.0 sq.m.
1075564,Poppleton,256015,2022-09-23,2.1,5,Detached,428.7 sq.m.
1366380,Teasdale,95600,2022-04-08,7.4,3,Terraced,223.6 sq.m.
1179477,Riverford,73454,2020-08-27,7.3,2,Semi-detached,192.4 sq.m.
1041659,Poppleton,329269,2021-02-14,7.4,6,Detached,588.7 sq.m.
1050073,Poppleton,48872,2021-04-06,5.5,2,Semi-detached,108.7 sq.m.
1513415,Silvertown,73807,2022-04-23,4.6,2,Semi-detached,147.5 sq.m.
1924073,Poppleton,72877,2020-10-21,7,2,Semi-detached,159.3 sq.m.
1889567,Teasdale,412432,2021-04-17,5.9,6,Detached,554.9 sq.m.
1911983,Silvertown,315738,2020-10-21,2.7,5,Detached,435.9 sq.m.
1703153,Silvertown,317415,2020-09-29,5.6,5,Detached,425.5 sq.m.
1345078,Teasdale,65164,2020-05-09,6.5,2,Terraced,164.4 sq.m.
1545295,Silvertown,377613,2022-09-04,3.1,6,Detached,569.0 sq.m.
1171582,Teasdale,146513,2020-09-10,8.4,2,Detached,194.1 sq.m.
1533230,Teasdale,250696,2020-01-26,4.8,4,Detached,320.7 sq.m.
1407557,Poppleton,308470,2021-03-08,9.5,6,Detached,516.2 sq.m.
1509984,Poppleton,339950,2021-02-13,6.4,6,Detached,575.3 sq.m.
1124935,Silvertown,197975,2021-07-13,5.7,3,Detached,290.3 sq.m.
1048748,Silvertown,281254,2021-02-07,6,4,Detached,399.5 sq.m.
1599868,Silvertown,304952,2020-12-25,4.6,5,Det.,431.5 sq.m.
1647410,--,229839,2020-09-30,8.7,4,Detached,341.6 sq.m.
1927805,Silvertown,382711,2020-12-28,6.7,6,Detached,551.5 sq.m.
1186022,Teasdale,324161,2020-07-11,5.9,4,Detached,385.1 sq.m.
1697785,Silvertown,113939,2021-12-04,9,3,Semi-detached,214.5 sq.m.
1401538,Teasdale,309532,2021-06-21,5.2,4,Detached,397.1 sq.m.
1424107,Silvertown,366583,2022-01-05,NA,6,Detached,552.7 sq.m.
1468987,Silvertown,80439,2022-01-29,7.8,2,Semi-detached,139.8 sq.m.
1580468,Teasdale,80029,2021-05-19,6.7,2,Semi,128.8 sq.m.
1383706,--,319682,2020-11-29,2.4,5,Detached,430.4 sq.m.
1502203,Poppleton,231329,2021-09-19,4.2,4,Det.,384.0 sq.m.
1362207,Riverford,169454,2022-09-25,6.9,4,Detached,363.0 sq.m.
1123892,Riverford,198661,2022-02-17,7.3,5,Detached,432.2 sq.m.
1327295,Poppleton,358304,2020-10-10,6.2,6,Detached,599.8 sq.m.
1058161,Riverford,176612,2022-11-01,6.8,4,Detached,359.1 sq.m.
1822037,Teasdale,197827,2021-04-03,5.4,3,Detached,253.7 sq.m.
1679272,Poppleton,162099,2021-12-06,5,3,Detached,268.7 sq.m.
