house_id,city,sale_price,sale_date,months_listed,bedrooms,house_type,area
1634561,Teasdale,401869,2021-12-14,7,6,Detached,519.7
1009770,Silvertown,372387,2022-09-11,8.1,6,Detached,507.8
1946667,Silvertown,325473,2020-08-19,5.4,5,Detached,466.8
1798290,Silvertown,349469,2022-12-10,6.4,5,Detached,499.4
1533461,Poppleton,199995,2020-04-07,4.3,4,Detached,335
1232200,Teasdale,67372,2021-05-09,5.9,2,Semi-detached,116.5
1182761,Poppleton,193803,2022-10-30,9.5,4,Detached,321.8
1346363,Poppleton,321844,2020-12-06,6.3,6,Detached,582.9
1459745,Riverford,268723,2022-09-07,5.8,6,Detached,553
1610313,Poppleton,113063,2021-07-19,2.2,3,Semi-detached,239.4
1317126,Teasdale,41478,2022-07-08,7.2,2,Terraced,111.7
1087100,Poppleton,155106,2021-06-25,2.9,3,Detached,265.5
1488925,Riverford,208507,2022-05-30,9.7,4,Detached,393.5
1714846,Silvertown,413526,2021-08-19,3.1,6,Detached,569
1042643,Teasdale,415605,2020-09-17,1,6,Detached,581.6
1377739,Silvertown,194645,2022-01-05,2,3,Detached,274.8
1904652,Riverford,23181,2022-09-07,4.9,2,Terraced,101.3
1165244,Riverford,320225,2020-11-22,2.5,6,Detached,590.5
1579548,Silvertown,106116,2022-05-23,4,3,Semi-detached,202.9
1488968,Silvertown,234688,2022-10-13,3.3,4,Detached,332.7
1935780,Silvertown,428866,2021-03-28,6.5,6,Detached,573.6
1086216,Teasdale,257398,2021-01-15,8.2,4,Detached,338.9
1373797,Riverford,109814,2022-10-07,5,3,Detached,211.4
1740539,Riverford,159533,2022-05-06,4,4,Detached,339.1
1308603,Poppleton,121614,2021-12-11,5.1,3,Detached,219.4
1630422,Silvertown,106098,2020-12-20,5.6,2,Semi-detached,196.5
1124700,Teasdale,433904,2022-06-22,8.1,6,Detached,599.6
1152528,Teasdale,130151,2021-06-03,4.8,3,Semi-detached,221.1
1945232,Silvertown,368984,2021-06-29,2.9,5,Detached,498.6
1979722,Riverford,285023,2021-03-24,2.9,6,Detached,562.6
1409959,Riverford,55809,2022-04-16,5.3,2,Semi-detached,148.1
1440885,Silvertown,310956,2022-05-06,9,5,Detached,433.5
1304938,Poppleton,276337,2021-11-10,8.6,5,Detached,449.8
1336638,Silvertown,242598,2020-03-12,7.6,4,Detached,341
1453413,Poppleton,341008,2022-03-07,5.9,6,Detached,591.5
1319131,Teasdale,95441,2021-06-27,5.7,2,Semi-detached,163.8
1272712,Teasdale,137139,2021-01-04,8,3,Semi-detached,213.3
1778882,Poppleton,247739,2022-10-04,7.4,4,Detached,394.2
1975821,Riverford,272388,2022-06-08,5.1,5,Detached,495.3
1934969,Riverford,130108,2022-05-01,5.1,3,Detached,284.9
1795070,Silvertown,399652,2021-05-22,5,6,Detached,567.1
1447152,Teasdale,248686,2021-12-10,5.8,4,Detached,311.4
1560330,Teasdale,353630,2020-05-17,9.7,5,Detached,419.6
1389691,Poppleton,76029,2020-10-16,5.3,2,Semi-detached,183.2
1256691,Teasdale,438922,2022-09-26,4.9,6,Detached,528.7
1783636,Poppleton,35110,2020-10-01,8.3,2,Terraced,116
1605074,Silvertown,275995,2021-06-09,6.9,5,Detached,421.4
1579733,Teasdale,361171,2020-08-31,11,5,Detached,425.8
1524267,Poppleton,232195,2021-11-07,5,4,Detached,383.8
1477266,Silvertown,192310,2021-08-19,6,3,Detached,276
1189627,Silvertown,71094,2020-01-31,7.9,2,Semi-detached,137.1
1004887,Poppleton,80156,2021-04-17,6.2,2,Semi-detached,177.2
1130084,Teasdale,409702,2020-01-19,5,6,Detached,525
1185353,Silvertown,215429,2021-11-25,6.4,4,Detached,305.7
1654137,Poppleton,71495,2022-10-10,5.8,2,Semi-detached,153.6
1496270,Poppleton,85356,2020-06-07,7.5,2,Semi-detached,198.4
1123020,Silvertown,277756,2022-01-27,3.1,5,Detached,422.2
1558840,Teasdale,363268,2021-05-09,5.1,5,Detached,474.6
1040876,Teasdale,439609,2021-12-05,7.6,6,Detached,516.5
1657318,Poppleton,196704,2021-10-04,5.2,4,Detached,324.1
1891576,Silvertown,78823,2021-05-04,3.8,2,Semi-detached,154.6
1739640,Poppleton,213012,2020-11-09,7.4,4,Detached,379
1762306,Poppleton,235404,2022-05-08,6.4,5,Detached,401.2
1758173,Teasdale,297353,2020-11-27,5.8,4,Detached,338.9
1159237,Poppleton,243197,2020-03-01,6.6,5,Detached,404.9
1359874,Teasdale,89950,2022-11-29,3.9,3,Terraced,227.9
1537517,Poppleton,184165,2021-10-28,7,4,Detached,316.5
1744595,Poppleton,323027,2022-11-27,6.9,6,Detached,553.4
1573501,Silvertown,241792,2022-01-20,5.9,4,Detached,339.3
1029718,Teasdale,374110,2021-05-01,2.9,5,Detached,460.3
1971259,Riverford,322694,2020-02-17,9.4,6,Detached,598.8
1615821,Poppleton,336808,2021-08-06,7.7,6,Detached,575.2
1609069,Teasdale,49987,2022-05-08,4.9,2,Terraced,119.2
1377136,Silvertown,347003,2020-11-01,5.6,6,Detached,552.1
1526388,Poppleton,174474,2022-02-08,6.2,3,Detached,299
1111557,Silvertown,323803,2022-05-24,2.8,5,Detached,457.2
1417179,Teasdale,200146,2021-04-02,4.8,3,Detached,255.4
1223299,Riverford,294691,2021-05-02,3.5,6,Detached,560.6
1737203,Poppleton,172036,2022-10-20,7.2,4,Detached,307.9
1109555,Silvertown,339025,2021-10-13,5.4,6,Detached,523.3
1636533,Silvertown,243117,2022-11-25,7,4,Detached,338.6
1027198,Silvertown,194077,2022-03-17,5.3,3,Detached,291.1
1922450,Silvertown,195974,2022-05-27,3.9,3,Detached,281.1
1617331,Teasdale,516624,2022-06-30,5,6,Detached,596.9
1563665,Silvertown,184784,2022-02-26,4.8,3,Detached,277.1
1384545,Teasdale,217063,2020-03-24,6.9,3,Detached,271
1322880,Riverford,199827,2022-05-28,3.6,5,Detached,408.8
1365197,Poppleton,276932,2022-04-27,7.5,5,Detached,463.9
1349378,Silvertown,374141,2022-06-01,6.5,6,Detached,506.3
1079769,Silvertown,181196,2021-07-26,2.8,3,Detached,260.4
1740291,Silvertown,298140,2021-11-12,0.8,5,Detached,427.3
1131472,Silvertown,240606,2022-02-23,6.4,4,Detached,364.3
1191856,Riverford,271071,2020-08-16,2.7,6,Detached,567.9
1611575,Silvertown,64098,2020-03-21,3.3,2,Semi-detached,128.8
1370172,Teasdale,176089,2021-01-30,6,3,Detached,216.9
1211396,Silvertown,260869,2022-10-07,2.4,4,Detached,357.1
1809993,Silvertown,38792,2020-02-02,3.7,2,Terraced,107.8
1181612,Silvertown,357576,2022-07-25,4.3,6,Detached,510.6
1963360,Teasdale,72500,2021-09-21,4.4,2,Semi-detached,128.3
1677369,Poppleton,260135,2022-01-08,5.9,5,Detached,440.6
1100786,Teasdale,254782,2020-06-05,5.7,4,Detached,339.1
1257219,Teasdale,288870,2020-09-25,5.5,4,Detached,354.2
1446965,Silvertown,252522,2022-09-11,7.6,4,Detached,366.5
1187562,Teasdale,106866,2020-03-02,6.3,2,Semi-detached,195.4
1203137,Teasdale,91641,2021-05-18,5.2,2,Semi-detached,145.7
1870954,Silvertown,118415,2022-03-08,9.3,3,Semi-detached,219.9
1698510,Silvertown,295302,2020-11-12,6.7,5,Detached,439.3
1881469,Silvertown,290033,2022-02-03,2.5,5,Detached,403.1
1100411,Riverford,40111,2021-05-14,8,2,Semi-detached,111.6
1293287,Silvertown,385211,2022-06-24,5.7,6,Detached,543
1545556,Silvertown,144525,2022-08-29,2.1,3,Detached,218.4
1681404,Silvertown,421460,2020-09-20,1.9,6,Detached,583.9
1956067,Silvertown,172738,2022-06-16,5.3,3,Detached,246.3
1067038,Teasdale,249200,2022-07-02,8.1,3,Detached,293.5
1090523,Silvertown,68141,2021-02-16,6.2,3,Terraced,205
1861353,Silvertown,250316,2021-03-29,7.6,4,Detached,370.5
1948827,Silvertown,62985,2021-08-18,4.7,2,Semi-detached,113.2
1588970,Silvertown,57387,2022-03-02,6.3,2,Semi-detached,112.4
1680984,Riverford,30971,2022-07-30,6.7,2,Terraced,131.5
1590458,Riverford,252866,2021-06-27,4.5,6,Detached,551.1
1512645,Silvertown,202339,2021-06-01,3.3,3,Detached,299.9
1140940,Poppleton,270969,2020-01-03,3.7,5,Detached,458.1
1990339,Riverford,262245,2020-01-04,4.1,6,Detached,525.2
1124910,Riverford,66592,2021-05-01,7.7,2,Semi-detached,178.7
1977248,Poppleton,163449,2022-02-25,0.3,3,Detached,282.6
1631091,Silvertown,77797,2021-12-01,7,3,Terraced,224.3
1161719,Silvertown,301887,2022-06-22,8.4,5,Detached,413
1458216,Poppleton,343969,2020-01-13,7.8,6,Detached,546.3
1044065,Poppleton,152865,2020-01-14,4,3,Detached,267.8
1413343,Silvertown,106757,2021-12-02,5.5,3,Semi-detached,214.8
1874541,Teasdale,333107,2022-02-03,7.1,5,Detached,419.8
1914040,Riverford,159526,2021-11-27,6.7,4,Detached,337
1438546,Silvertown,165342,2022-09-24,5.9,3,Detached,234.8
1789341,Teasdale,88846,2020-10-21,7.6,3,Terraced,226.8
1029998,Poppleton,288417,2022-04-22,0.8,5,Detached,458.8
1122648,Silvertown,74877,2020-05-05,5.6,2,Semi-detached,143.7
1267908,Poppleton,333414,2021-11-25,5.6,6,Detached,569.5
1034144,Teasdale,322849,2022-04-20,4.4,5,Detached,444.3
1939333,Riverford,155511,2021-04-26,4.7,3,Detached,298.8
1554142,Silvertown,269308,2020-05-25,4.6,4,Detached,367.8
1154520,Riverford,238229,2022-11-02,7.9,5,Detached,460
1638398,Poppleton,212306,2021-07-04,6.9,4,Detached,385
1724642,Silvertown,372613,2021-10-19,4.9,6,Detached,553.9
1328104,Poppleton,269271,2020-07-22,4.9,5,Detached,483.7
1896724,Silvertown,105120,2022-04-29,5.8,3,Semi-detached,208.2
1558067,Poppleton,373386,2022-05-03,5.2,6,Detached,555.6
1388243,Silvertown,278373,2022-03-11,8,4,Detached,389.7
1722754,Poppleton,289269,2022-02-02,6.7,5,Detached,482.7
1509635,Silvertown,358204,2020-08-26,3.8,5,Detached,479.9
1995485,Riverford,139794,2021-05-27,5,3,Detached,268.7
1626519,Silvertown,279673,2021-08-25,3.5,5,Detached,421.5
1451499,Silvertown,326130,2021-02-18,5.4,5,Detached,453.6
1941154,Riverford,245419,2021-03-12,6.8,5,Detached,498
1076986,Silvertown,60712,2021-04-18,10.6,2,Semi-detached,108.2
1218668,Poppleton,192083,2022-04-14,4.8,4,Detached,303.4
1106142,Silvertown,218191,2020-10-26,6.4,4,Detached,309.2
1283101,Teasdale,221572,2020-10-07,6.2,3,Detached,282.4
1202040,Silvertown,391619,2021-10-26,5.4,6,Detached,596.5
1368369,Teasdale,350169,2022-07-16,8.3,5,Detached,436.1
1166737,Riverford,162652,2021-09-02,2.8,4,Detached,348.6
1199613,Silvertown,54421,2022-07-07,5.3,2,Semi-detached,115.1
1520767,Silvertown,238958,2021-12-07,5.9,4,Detached,332.2
1187630,Poppleton,226332,2020-07-13,5.6,4,Detached,370.4
1624607,Silvertown,121148,2020-11-11,5.8,3,Semi-detached,229.1
1175936,Silvertown,280173,2020-12-02,3.9,4,Detached,382.4
1719078,Silvertown,99717,2022-01-04,6,2,Semi-detached,173.4
1320867,Riverford,157480,2022-12-25,8,4,Detached,300.8
1205924,Poppleton,286116,2022-03-19,3.2,5,Detached,431.5
1608724,Teasdale,284254,2020-02-11,2.9,4,Detached,381.4
1360009,Teasdale,72337,2022-11-27,6.8,2,Semi-detached,129.9
1044267,Riverford,56430,2022-07-26,5.1,2,Semi-detached,154.5
1892591,Silvertown,262759,2022-03-16,4.6,5,Detached,408.9
1318950,Poppleton,326165,2020-07-02,2.9,6,Detached,525.4
1551761,Teasdale,75565,2020-05-10,6,2,Semi-detached,140.6
1740379,Silvertown,64239,2021-03-10,4.5,2,Semi-detached,106.9
1251442,Teasdale,433236,2020-03-14,6.6,6,Detached,581.4
1271709,Silvertown,352954,2021-10-17,5.4,5,Detached,456.1
1608199,Riverford,178179,2020-12-09,8.8,4,Detached,331.3
1662264,Silvertown,236510,2020-06-07,7.2,4,Detached,337.8
1593366,Silvertown,98538,2022-03-15,7.8,2,Semi-detached,192.3
1670174,Silvertown,290958,2021-02-16,5.2,5,Detached,445.2
1177400,Silvertown,337862,2022-07-11,6.4,6,Detached,501.9
1718286,Poppleton,209139,2021-06-10,6.3,4,Detached,334.7
1056929,Silvertown,65113,2021-04-13,7.4,3,Terraced,203.7
1261487,Silvertown,73438,2021-11-04,7,3,Terraced,216.4
1918887,Riverford,89352,2022-05-04,3.3,3,Semi-detached,225.1
1839301,Riverford,188271,2022-11-09,5.1,4,Detached,368.8
1378944,Teasdale,274615,2022-12-11,6.7,4,Detached,324.4
1361678,Silvertown,120910,2022-02-12,5.1,3,Semi-detached,230
1057994,Silvertown,417167,2022-05-12,6.6,6,Detached,583.4
1415253,Teasdale,85250,2020-09-30,2.8,2,Semi-detached,133.5
1749362,Riverford,191281,2020-06-13,7.1,4,Detached,375
1531813,Poppleton,386972,2020-12-28,5.1,6,Detached,579.7
1174334,Teasdale,359501,2020-11-07,8.3,5,Detached,462.9
1768142,Teasdale,400139,2022-08-19,7.2,5,Detached,484
1304474,Poppleton,252358,2020-06-06,4,5,Detached,422.4
1401518,Silvertown,185069,2020-10-09,6.6,3,Detached,282.2
1602387,Silvertown,149137,2022-12-27,3.3,3,Detached,208.8
1692601,Silvertown,381504,2020-08-01,3.9,6,Detached,521.5
1379147,Poppleton,86428,2021-05-16,6.4,2,Semi-detached,188.6
1286114,Poppleton,248906,2021-09-16,7.2,5,Detached,418.2
1759763,Poppleton,258477,2022-11-19,6.7,5,Detached,441.7
1498928,Poppleton,134977,2021-05-20,6.5,3,Detached,234.5
1052026,Poppleton,171227,2022-04-21,8.4,3,Detached,272
1929701,Teasdale,246540,2020-10-15,2.6,3,Detached,297.6
1411764,Poppleton,45163,2022-06-29,8.8,2,Terraced,159.3
1518986,Poppleton,149367,2020-10-21,7.1,3,Detached,254.8
1769885,Silvertown,209648,2022-02-28,5.9,3,Detached,282.5
1765487,Silvertown,347563,2020-09-15,6.9,5,Detached,483.9
1410151,Teasdale,240666,2022-08-03,4.9,4,Detached,320.6
1134263,Silvertown,320249,2021-10-03,2.8,5,Detached,494
1839953,Teasdale,82874,2022-05-12,4.7,2,Semi-detached,148.7
1957935,Poppleton,150119,2020-01-25,6.5,3,Detached,251
1401395,Teasdale,271090,2020-10-12,1.5,4,Detached,374.3
1649718,Teasdale,354130,2022-05-01,6.5,5,Detached,442.8
1165972,Poppleton,223128,2021-01-05,2.7,4,Detached,348.4
1378518,Teasdale,300266,2020-06-27,6.3,4,Detached,360.3
1257987,Poppleton,314589,2021-04-18,4.2,6,Detached,540.2
1062862,Teasdale,350690,2020-12-07,3.2,5,Detached,448.1
1796287,Poppleton,230724,2022-04-22,6,5,Detached,418.5
1422316,Poppleton,199246,2021-12-25,2,3,Detached,292.1
1171902,Poppleton,330478,2020-07-30,7.8,6,Detached,568.9
1150214,Silvertown,307053,2021-01-04,6.1,5,Detached,448
1787139,Riverford,47587,2021-10-09,2.8,2,Terraced,196.1
1954307,Silvertown,123146,2020-02-12,5.1,3,Semi-detached,232.3
1872657,Riverford,124207,2022-07-08,5.3,3,Detached,241
1992565,Poppleton,254878,2021-03-11,12,5,Detached,411
1635959,Silvertown,385926,2021-12-05,6.5,6,Detached,545.2
1564606,Poppleton,342624,2022-01-20,3.2,6,Detached,599.1
1179507,Riverford,207609,2021-04-04,3.6,5,Detached,414.1
1019221,Silvertown,290826,2022-11-11,8.4,5,Detached,423.7
1758219,Poppleton,273715,2020-11-02,6.4,6,Detached,536.1
1001874,Silvertown,95006,2021-05-14,6.9,2,Semi-detached,183.7
1763492,Poppleton,244894,2022-12-24,5.9,5,Detached,404.7
1901931,Teasdale,456244,2021-07-24,3.5,6,Detached,595.2
1062220,Teasdale,127599,2022-01-18,4.6,3,Semi-detached,227
1575836,Teasdale,76801,2020-02-23,8.2,2,Semi-detached,137.4
1075409,Poppleton,267993,2020-01-28,8,5,Detached,472.9
1290752,Silvertown,395464,2020-01-13,6.5,6,Detached,564.8
1044630,Silvertown,419007,2021-11-30,6.2,6,Detached,599.6
1104937,Riverford,38536,2020-01-01,4.5,2,Semi-detached,103.3
1807648,Riverford,70369,2020-01-24,7.1,3,Semi-detached,201.2
1794466,Poppleton,145465,2020-09-09,4.8,3,Detached,248.3
1866939,Teasdale,288621,2021-11-21,3.7,4,Detached,347.8
1763383,Silvertown,231361,2020-07-31,7.5,4,Detached,334.1
1607347,Poppleton,262075,2021-08-19,4.2,5,Detached,412.8
1612898,Poppleton,328063,2022-04-16,6.9,6,Detached,537
1171951,Poppleton,175379,2021-08-09,6.5,3,Detached,299.4
1733876,Poppleton,142099,2022-06-17,10.5,3,Detached,228.5
1926275,Teasdale,86677,2021-02-12,6.7,2,Semi-detached,145.9
1593282,Teasdale,115288,2020-02-13,7,2,Semi-detached,193.4
1952765,Teasdale,355651,2021-07-29,5.6,5,Detached,461
1717808,Riverford,255251,2020-04-14,4.8,6,Detached,530.1
1658322,Silvertown,117774,2022-09-28,4.5,3,Semi-detached,227.5
1840298,Poppleton,29817,2020-02-01,6,2,Terraced,101.2
1966577,Silvertown,397700,2020-12-16,9,6,Detached,550.3
1625659,Teasdale,235516,2022-12-16,6.2,4,Detached,324.9
1505694,Silvertown,325388,2022-10-30,0.6,5,Detached,478.4
1196218,Poppleton,140548,2020-09-13,6.7,3,Detached,226.1
1964046,Poppleton,190093,2021-12-11,8.8,4,Detached,306.7
1457312,Silvertown,293965,2020-06-04,5,5,Detached,429.8
1732637,Teasdale,473336,2020-09-06,8.1,6,Detached,598.3
1942805,Silvertown,55226,2021-09-05,8.2,2,Terraced,160.5
1347606,Silvertown,63301,2020-02-28,5.6,2,Terraced,177.6
1184164,Teasdale,222017,2021-12-09,6.7,3,Detached,269.5
1547407,Teasdale,215139,2021-10-13,6.9,3,Detached,260.9
1096873,Teasdale,466321,2020-02-10,6.4,6,Detached,532.4
1920641,Silvertown,289694,2020-12-25,4,4,Detached,395.5
1229072,Teasdale,122082,2020-07-16,7.7,3,Semi-detached,208.5
1545263,Poppleton,240427,2022-07-12,6.7,4,Detached,386.5
1534443,Teasdale,344946,2020-10-07,6.5,5,Detached,422.8
1688002,Silvertown,308318,2020-03-27,5.7,5,Detached,471.9
1210618,Poppleton,223820,2020-04-26,9.7,5,Detached,404
1120136,Silvertown,230418,2020-02-09,5.4,4,Detached,325.5
1240223,Silvertown,192125,2022-09-11,6.6,3,Detached,290
1827485,Silvertown,349505,2020-01-19,5.8,5,Detached,447.2
1115856,Silvertown,249976,2022-08-16,1.5,4,Detached,371.6
1013452,Silvertown,367214,2021-06-29,7.9,6,Detached,501.1
1648832,Poppleton,168406,2020-11-02,5.9,3,Detached,294.4
1637202,Poppleton,342195,2022-06-09,6.8,6,Detached,574.2
1522464,Teasdale,234123,2022-10-11,10.4,3,Detached,283.2
1025361,Poppleton,193452,2020-05-22,7.4,4,Detached,302.6
1423616,Silvertown,232910,2021-02-25,3.3,4,Detached,339.1
1820401,Silvertown,119269,2021-06-20,6,3,Semi-detached,221.6
1142969,Silvertown,75825,2020-07-12,2.9,3,Terraced,205.4
1252336,Silvertown,401536,2021-08-31,8.1,6,Detached,520.9
1689823,Riverford,175863,2020-02-19,7.9,4,Detached,333.4
1828245,Silvertown,174723,2022-07-05,7,3,Detached,251.7
1892592,Silvertown,212785,2022-04-13,2,4,Detached,310.3
1778521,Teasdale,349431,2022-05-28,5.5,5,Detached,449.1
1077661,Silvertown,62275,2022-03-20,6.7,2,Semi-detached,122
1284556,Poppleton,52946,2022-08-05,5,2,Terraced,187.1
1773796,Poppleton,164657,2022-08-18,4.5,3,Detached,275.3
1884248,Silvertown,92232,2022-04-30,3.1,2,Semi-detached,181.4
1137674,Riverford,57249,2022-02-12,6.4,2,Semi-detached,152.7
1127541,Silvertown,246582,2021-03-27,5.7,4,Detached,351.7
1353954,Silvertown,58473,2022-08-15,6,2,Terraced,169.2
1742650,Riverford,132917,2020-05-26,6.8,3,Detached,267.9
1926821,Poppleton,333646,2022-12-05,7,6,Detached,556.7
1318936,Poppleton,63114,2021-05-24,5.4,2,Semi-detached,140.4
1334277,Poppleton,222922,2022-05-23,6.2,4,Detached,363.1
1306152,Poppleton,56155,2022-08-16,3.7,3,Terraced,215.5
1345514,Riverford,264909,2021-10-04,6.5,6,Detached,528.5
1865336,Poppleton,347531,2020-04-27,7.2,6,Detached,595.2
1447975,Poppleton,207985,2021-06-20,5.6,4,Detached,333.6
1536382,Silvertown,65182,2021-07-21,4.3,2,Terraced,173.7
1356020,Silvertown,315515,2021-05-15,5.7,5,Detached,451.8
1431898,Silvertown,394399,2020-02-28,4.5,6,Detached,554.4
1446959,Poppleton,214085,2020-06-20,5.9,4,Detached,369.4
1415203,Teasdale,77362,2021-03-20,7.1,2,Semi-detached,134.8
1967688,Silvertown,354608,2022-06-21,5,5,Detached,491
1280560,Teasdale,92807,2022-01-04,6.8,3,Terraced,236.9
1520810,Silvertown,344213,2021-10-18,5.7,5,Detached,485
1693193,Poppleton,218857,2020-01-17,7,4,Detached,356.8
1276760,Poppleton,197170,2020-09-09,5.1,4,Detached,360.3
1825971,Teasdale,102934,2020-12-16,4.1,2,Semi-detached,181.5
1072857,Silvertown,56756,2020-03-24,6.7,2,Terraced,161.5
1589935,Silvertown,344582,2021-05-28,5.1,5,Detached,493.2
1848006,Silvertown,402438,2021-07-26,8,6,Detached,564.4
1509026,Teasdale,429779,2022-11-04,8.1,6,Detached,582.5
1703210,Silvertown,427937,2022-12-03,5.6,6,Detached,570.2
1040448,Teasdale,473598,2022-06-13,5.2,6,Detached,536.4
1888170,Poppleton,73606,2020-08-08,9.4,3,Terraced,232.7
1212969,Teasdale,73959,2021-09-05,6.5,3,Terraced,205.2
1624917,Silvertown,420750,2021-09-04,4.9,6,Detached,562.3
1063402,Silvertown,307755,2022-09-29,6.1,5,Detached,415.9
1553612,Riverford,286637,2020-10-05,3.2,6,Detached,563.3
1886711,Silvertown,252909,2021-10-21,5.4,4,Detached,363.8
1386252,Silvertown,166309,2021-06-07,5.2,3,Detached,259.8
1873424,Teasdale,365171,2021-06-08,8.1,5,Detached,483
1202345,Silvertown,176566,2022-12-17,2.4,3,Detached,254.6
1854053,Silvertown,76018,2021-01-25,6,2,Semi-detached,132.7
1422542,Poppleton,186138,2022-12-02,5.9,4,Detached,300.8
1537532,Silvertown,271660,2021-08-14,8.9,4,Detached,384.4
1557428,Silvertown,180533,2021-09-05,6.1,3,Detached,258.8
1390144,Riverford,188889,2021-07-20,4,4,Detached,391.3
1421959,Silvertown,128148,2021-09-27,9,3,Semi-detached,234.5
1100284,Poppleton,323365,2021-09-10,6.4,6,Detached,508.3
1337587,Riverford,228577,2020-09-09,4.6,5,Detached,496.8
1135689,Poppleton,73796,2021-03-14,4.7,2,Semi-detached,164.6
1496656,Poppleton,189014,2020-11-12,7,4,Detached,326.8
1835245,Teasdale,101030,2022-08-07,7.1,2,Semi-detached,151.8
1480614,Teasdale,272484,2022-06-05,10.4,4,Detached,348.2
1449055,Teasdale,242197,2020-06-07,4.9,3,Detached,298.9
1850841,Poppleton,212573,2022-06-11,6.5,4,Detached,344.6
1784552,Silvertown,387872,2021-03-19,6.2,6,Detached,562.1
1175347,Silvertown,232686,2022-12-03,7,4,Detached,333.8
1614513,Teasdale,485896,2021-07-12,4.5,6,Detached,579.4
1973573,Teasdale,433655,2020-02-09,4,6,Detached,540.4
1605016,Poppleton,270203,2021-06-15,5.9,5,Detached,453.3
1962507,Riverford,75781,2022-06-21,6.4,3,Semi-detached,209
1046247,Silvertown,306747,2021-07-10,3.2,5,Detached,486.9
1931926,Silvertown,310393,2021-02-12,9,5,Detached,450.6
1906383,Silvertown,427514,2021-07-13,5.2,6,Detached,584.1
1708299,Teasdale,80823,2020-12-28,6.4,2,Semi-detached,145.2
1901370,Silvertown,180818,2020-11-01,2.3,3,Detached,255.6
1401207,Silvertown,220668,2022-02-03,7.9,4,Detached,317.7
1612277,Silvertown,57012,2021-07-25,7.7,2,Terraced,162
1818428,Teasdale,464586,2020-01-21,6.8,6,Detached,578.6
1702601,Poppleton,281996,2022-04-15,2.4,5,Detached,454.2
1023294,Riverford,139732,2020-10-17,6.1,3,Detached,281.8
1474128,Silvertown,256773,2020-11-10,6.9,4,Detached,389.1
1034062,Silvertown,207032,2020-12-20,4.2,3,Detached,273.4
1037024,Silvertown,279361,2022-01-14,4.6,5,Detached,401.5
1849072,Poppleton,221229,2020-09-26,5.9,4,Detached,372.8
1042085,Teasdale,358051,2021-12-04,5,5,Detached,448.5
1467667,Teasdale,451611,2020-07-21,6.8,6,Detached,585.9
1739560,Silvertown,63629,2021-06-13,5.8,2,Terraced,186.5
1716643,Teasdale,314740,2021-03-24,7.5,5,Detached,452.2
1203706,Poppleton,347990,2021-05-10,5.7,6,Detached,560.6
1576243,Silvertown,303530,2020-09-10,6.8,5,Detached,430.6
1039025,Teasdale,235911,2022-12-03,3.3,3,Detached,290.2
1190849,Riverford,210506,2020-10-27,5.8,4,Detached,373
1689718,Silvertown,267097,2021-11-07,6.1,5,Detached,408.8
1246343,Poppleton,222523,2022-12-29,7.4,4,Detached,360.9
1565133,Silvertown,93951,2020-10-28,3.2,2,Semi-detached,162.3
1464542,Silvertown,257793,2020-04-07,5.5,4,Detached,394.3
1585264,Teasdale,124398,2021-08-03,3,3,Semi-detached,212.4
1809895,Poppleton,179399,2022-03-15,3.8,3,Detached,297.2
1733135,Teasdale,111518,2022-09-24,6.8,2,Semi-detached,187.4
1299635,Silvertown,253811,2020-11-25,7.4,4,Detached,344.4
1428833,Teasdale,412371,2021-05-08,6.9,5,Detached,493.8
1548380,Teasdale,442858,2020-12-06,5.2,6,Detached,546.8
1523116,Teasdale,392640,2022-06-21,6.9,5,Detached,481.8
1759607,Silvertown,408606,2021-05-17,4.4,6,Detached,567.8
1469058,Poppleton,217605,2022-06-05,8.4,4,Detached,379.4
1815835,Poppleton,298933,2020-10-26,7.1,6,Detached,523.1
1775360,Silvertown,191048,2021-06-01,2.5,3,Detached,290.6
1468783,Poppleton,41496,2022-12-04,4.6,2,Terraced,136.5
1271142,Poppleton,175502,2020-12-05,4.3,3,Detached,290.8
1560627,Riverford,212041,2022-12-03,5.4,5,Detached,414.1
1686587,Poppleton,168631,2021-05-11,5.3,3,Detached,266.9
1979406,Poppleton,209711,2021-05-25,5.9,4,Detached,359.3
1235289,Teasdale,341837,2020-11-17,6.5,5,Detached,464.7
1011567,Silvertown,436304,2021-08-30,3.5,6,Detached,593.6
1398902,Poppleton,324862,2020-08-25,11.7,6,Detached,530.4
1178681,Teasdale,423623,2021-09-13,7.9,6,Detached,585.8
1717760,Poppleton,326328,2022-10-06,6.3,6,Detached,540.3
1151596,Teasdale,152719,2021-04-14,2.6,2,Detached,183.7
1496211,Silvertown,257488,2020-08-25,5.6,4,Detached,378.5
1835283,Teasdale,334466,2022-01-07,4.9,5,Detached,431.4
1026944,Teasdale,408397,2021-02-07,4.6,6,Detached,512
1222163,Silvertown,252485,2020-01-09,6.3,4,Detached,353.2
1923194,Teasdale,361235,2022-11-19,3.1,5,Detached,443.5
1889296,Poppleton,122838,2022-12-27,7.4,3,Detached,205.2
1818049,Poppleton,79748,2020-06-12,6.3,2,Semi-detached,177.8
1524270,Teasdale,147745,2021-08-09,4.4,3,Semi-detached,237.1
1335915,Teasdale,472091,2021-11-04,13.3,6,Detached,584.5
1349199,Silvertown,72445,2020-06-14,6.5,3,Terraced,207.8
1763487,Poppleton,67640,2022-02-11,3.6,2,Semi-detached,152.7
1818275,Silvertown,418680,2020-09-11,2.8,6,Detached,595.1
1589434,Teasdale,92481,2022-09-20,4.8,2,Semi-detached,144.2
1892089,Poppleton,288952,2021-12-30,3.8,5,Detached,482.7
1424475,Poppleton,170119,2021-06-03,6.4,3,Detached,290.7
1341599,Poppleton,287911,2021-03-06,8.2,5,Detached,495
1425529,Silvertown,75364,2020-05-05,1.8,2,Semi-detached,143.1
1262329,Silvertown,123921,2022-01-18,2.6,3,Semi-detached,232.3
1499786,Silvertown,338833,2022-09-21,3.3,5,Detached,479.8
1590084,Poppleton,72504,2020-09-12,8.3,2,Semi-detached,149.6
1511682,Poppleton,373017,2020-01-05,5,6,Detached,562.6
1098627,Teasdale,304991,2022-05-16,4.7,4,Detached,391
1589601,Silvertown,233405,2020-11-19,6.1,4,Detached,302.5
1114449,Teasdale,278469,2020-02-05,6.1,4,Detached,327.5
1254096,Silvertown,228735,2022-01-21,5.2,4,Detached,347.6
1959348,Teasdale,117122,2020-02-07,6.3,2,Semi-detached,190.4
1382840,Silvertown,439564,2020-08-29,7,6,Detached,591.9
1010303,Silvertown,68280,2021-10-15,7.5,2,Terraced,193.1
1521834,Poppleton,171906,2022-10-12,6.9,4,Detached,300.9
1260450,Teasdale,223633,2022-04-09,7.7,4,Detached,301.7
1125392,Teasdale,150997,2021-08-20,6.3,2,Detached,188.7
1603814,Teasdale,338221,2021-06-26,2.7,5,Detached,446.5
1153564,Silvertown,181840,2021-09-29,10.2,3,Detached,248.9
1983870,Silvertown,331546,2020-09-18,5.3,5,Detached,464.1
1683419,Poppleton,77611,2021-01-13,9.3,2,Semi-detached,181.7
1894664,Teasdale,77403,2020-12-17,4.6,3,Terraced,213.3
1830726,Poppleton,205297,2022-10-18,7.9,4,Detached,357.8
1057717,Riverford,49963,2022-01-25,5.1,2,Semi-detached,124.9
1003692,Teasdale,46107,2022-04-26,9.5,2,Terraced,119.9
1180108,Teasdale,301752,2021-10-26,3.8,4,Detached,393.2
1794675,Silvertown,338065,2021-07-02,7.2,5,Detached,476.7
1222764,Silvertown,95706,2021-01-09,2,2,Semi-detached,183.5
1119308,Silvertown,163026,2022-05-19,5.7,3,Detached,234.3
1483214,Silvertown,413247,2021-05-15,9.7,6,Detached,585.5
1270350,Poppleton,202852,2021-11-08,6.2,4,Detached,340.9
1524886,Silvertown,73901,2020-12-22,8.1,3,Terraced,224
1304089,Silvertown,227513,2020-09-15,6.7,4,Detached,342.6
1716276,Silvertown,368622,2022-10-02,5.6,6,Detached,544.1
1238487,Poppleton,163989,2021-10-23,6.2,3,Detached,291.8
1485528,Teasdale,360294,2021-10-18,1.2,5,Detached,413.4
1456434,Poppleton,336273,2021-11-06,6.6,6,Detached,523.4
1554195,Teasdale,424251,2022-04-05,5.9,5,Detached,492.9
1635131,Poppleton,115668,2022-12-12,7.2,3,Semi-detached,237
1478757,Teasdale,429005,2020-08-04,3,6,Detached,507.7
1719629,Riverford,80334,2020-06-15,6.1,3,Semi-detached,228.7
1611917,Poppleton,189942,2021-11-30,5.5,4,Detached,324.3
1524844,Silvertown,395221,2021-01-04,4.2,6,Detached,553.1
1008474,Riverford,255945,2021-12-26,2.9,6,Detached,525.6
1152291,Poppleton,85406,2021-05-26,9,2,Semi-detached,172.5
1992173,Riverford,183889,2022-06-04,7.3,4,Detached,379.7
1838549,Riverford,255209,2022-01-21,5.5,5,Detached,498.4
1751128,Teasdale,524175,2021-08-23,11.8,6,Detached,578.2
1739703,Poppleton,89366,2020-03-27,7.5,2,Semi-detached,193.2
1396236,Silvertown,306244,2020-08-25,5.4,5,Detached,437.4
1695455,Silvertown,278143,2022-08-11,7.5,4,Detached,376.5
1496691,Poppleton,201354,2022-07-18,8.4,4,Detached,357.4
1447072,Silvertown,41793,2022-07-15,7.7,2,Terraced,114.7
1514943,Teasdale,271863,2022-03-11,6.3,4,Detached,365.3
1547127,Teasdale,189801,2021-10-09,6,3,Detached,242.4
1100296,Riverford,56114,2022-04-24,4.8,3,Terraced,227.6
1135966,Poppleton,310576,2020-02-05,4.3,6,Detached,528
1510125,Teasdale,219987,2020-11-11,7.3,3,Detached,284.3
1869937,Poppleton,213666,2020-08-09,8.3,4,Detached,352.1
1089350,Teasdale,488900,2022-08-15,4,6,Detached,573.4
1814909,Riverford,49881,2020-08-18,5.4,2,Semi-detached,131.1
1589459,Poppleton,44641,2021-07-11,6.9,2,Terraced,141.3
1832630,Silvertown,164196,2021-06-23,5.2,3,Detached,252.1
1212908,Silvertown,268127,2022-03-20,7.2,5,Detached,401.1
1075073,Riverford,248893,2021-05-09,5,6,Detached,500.5
1606793,Teasdale,44552,2022-05-22,8.9,2,Terraced,110.8
1712157,Teasdale,121007,2020-08-01,3.4,2,Semi-detached,198.9
1300675,Teasdale,203709,2020-12-08,6.3,3,Detached,261.4
1308705,Silvertown,366210,2020-09-14,4.2,6,Detached,504.2
1368897,Silvertown,111225,2022-01-05,2.3,2,Semi-detached,198.2
1402477,Poppleton,339676,2022-01-17,6.6,6,Detached,587.8
1481065,Teasdale,392233,2021-09-09,9.6,6,Detached,502.7
1725621,Silvertown,188233,2022-09-09,6.5,3,Detached,255.4
1831368,Poppleton,52099,2021-08-02,6.5,2,Terraced,175.7
1508316,Poppleton,279888,2021-04-18,5.3,5,Detached,467.6
1441668,Teasdale,405433,2022-06-14,7.9,6,Detached,558.2
1090345,Teasdale,152347,2022-04-15,6.9,2,Detached,197.7
1777842,Silvertown,175486,2022-09-07,7.7,3,Detached,262.8
1714355,Teasdale,493951,2021-10-27,5.2,6,Detached,549.2
1544679,Teasdale,164890,2020-04-30,8.2,3,Detached,204.1
1083098,Poppleton,259717,2021-01-19,8.5,5,Detached,455.9
1543643,Poppleton,71995,2020-04-11,9.5,2,Semi-detached,147.1
1635958,Teasdale,187261,2021-06-28,8.7,3,Detached,241.9
1786922,Poppleton,181202,2020-03-17,7.4,4,Detached,324.8
1759261,Teasdale,474355,2021-09-21,3.5,6,Detached,549.5
1153698,Poppleton,330353,2022-08-08,2.7,6,Detached,536.8
1255198,Teasdale,384112,2021-09-04,6.2,5,Detached,471.5
1109373,Silvertown,297659,2020-05-31,5.5,5,Detached,411.5
1642066,Poppleton,316126,2020-05-20,4.4,6,Detached,511.2
1158664,Poppleton,130981,2022-02-07,7.9,3,Detached,208.3
1490065,Poppleton,199666,2022-10-03,6.7,4,Detached,359.2
1821287,Teasdale,433223,2022-01-05,7.2,6,Detached,534.3
1803858,Teasdale,191924,2021-02-13,6.8,3,Detached,263.5
1112412,Teasdale,78334,2022-11-18,2.3,3,Terraced,210
1946781,Silvertown,48219,2021-10-03,7.2,2,Terraced,147.3
1402994,Teasdale,462204,2020-02-20,6.4,6,Detached,594.8
1961791,Silvertown,360174,2022-06-24,7.7,5,Detached,493.7
1393123,Poppleton,337328,2022-11-17,10.1,6,Detached,578.3
1057924,Teasdale,258470,2020-11-18,5.1,4,Detached,328.2
1753375,Silvertown,187340,2020-12-21,5.9,3,Detached,268.9
1177052,Poppleton,137463,2022-03-27,4.7,3,Detached,228
1579865,Silvertown,308846,2021-12-11,9.8,5,Detached,457.3
1066924,Poppleton,172705,2021-11-15,2.1,3,Detached,294.6
1522055,Teasdale,418717,2022-02-07,5.3,5,Detached,491.1
1813408,Teasdale,354326,2022-07-27,5.3,5,Detached,438
1746294,Teasdale,476461,2020-10-07,4.6,6,Detached,582.9
1217952,Poppleton,279372,2020-05-12,4.3,5,Detached,421.8
1700997,Poppleton,330833,2022-06-06,2.9,6,Detached,533.5
1369031,Silvertown,246886,2020-07-13,5.6,4,Detached,346.2
1597966,Silvertown,76759,2022-02-10,5.9,3,Terraced,217.4
1016208,Poppleton,352017,2022-04-20,6.7,6,Detached,554.8
1714708,Teasdale,94864,2021-06-19,8.9,2,Semi-detached,161.4
1808115,Teasdale,88417,2021-08-11,4.5,3,Terraced,229.1
1478969,Teasdale,228962,2022-11-14,6.1,3,Detached,282
1803798,Poppleton,134455,2020-10-10,4.9,3,Detached,221.3
1514859,Teasdale,364803,2022-10-31,4.8,5,Detached,446
1126397,Silvertown,211096,2020-04-30,6.1,4,Detached,318.5
1709185,Teasdale,59728,2021-08-05,2.7,2,Semi-detached,100.6
1080278,Silvertown,411841,2020-11-18,5.5,6,Detached,557.7
1488289,Poppleton,290789,2020-08-16,8.9,6,Detached,512.7
1316133,Poppleton,78833,2021-05-08,10.2,2,Semi-detached,171.4
1563185,Teasdale,111047,2022-05-13,2.6,2,Semi-detached,192.7
1797841,Silvertown,232479,2020-07-12,4.8,4,Detached,392.6
1037241,Silvertown,67461,2021-03-22,4.2,2,Semi-detached,134.3
1886746,Teasdale,96772,2021-05-07,3.3,2,Semi-detached,161.9
1325072,Teasdale,92969,2021-08-07,4.3,3,Terraced,236.4
1075714,Silvertown,345296,2021-07-05,4,5,Detached,479.5
1605886,Teasdale,98549,2021-12-31,8,2,Semi-detached,159.2
1523311,Poppleton,54064,2022-11-21,1.6,2,Terraced,183.5
1680026,Silvertown,283064,2022-06-01,5.4,4,Detached,394.4
1565964,Silvertown,403568,2021-05-20,9.3,6,Detached,551.4
1458402,Poppleton,94519,2022-06-27,4.9,3,Semi-detached,218.2
1423205,Silvertown,66608,2020-12-07,7.9,2,Semi-detached,123.8
1177831,Teasdale,93205,2022-06-24,3.6,2,Semi-detached,154.2
1504579,Teasdale,311847,2022-06-12,6.4,4,Detached,384.7
1540625,Riverford,35859,2020-11-15,4.2,2,Semi-detached,102.7
1710511,Silvertown,212919,2020-09-27,6.7,3,Detached,284.7
1580389,Poppleton,70597,2020-10-07,8.8,3,Terraced,221.9
1299944,Teasdale,79892,2021-11-11,8.3,2,Terraced,191.3
1195361,Teasdale,138309,2021-11-12,6.8,2,Detached,185
1628360,Silvertown,389945,2022-08-18,6.7,6,Detached,555.7
1568948,Teasdale,144688,2020-01-29,6.3,3,Semi-detached,234.2
1749780,Silvertown,89660,2021-09-18,3.6,2,Semi-detached,181.9
1078506,Poppleton,262748,2020-09-25,7.8,5,Detached,414.8
1787707,Teasdale,371557,2022-05-17,4.3,5,Detached,446.9
1299762,Teasdale,340683,2022-11-17,4.5,5,Detached,462.7
1808231,Poppleton,175710,2020-07-02,9.5,3,Detached,297.9
1628206,Riverford,36443,2022-02-18,8.5,2,Semi-detached,100.8
1131614,Poppleton,215104,2021-01-25,7.8,4,Detached,360.1
1181220,Poppleton,208935,2022-11-03,6.2,4,Detached,325.8
1056537,Silvertown,254916,2020-03-25,3.2,4,Detached,370.9
1520135,Riverford,50125,2022-08-15,3.9,2,Semi-detached,147.3
1590523,Poppleton,85661,2020-06-10,4.9,2,Semi-detached,192.8
1215038,Silvertown,413320,2022-05-07,7.7,6,Detached,556
1172658,Teasdale,198261,2021-04-09,3.7,3,Detached,243
1539811,Poppleton,171893,2022-01-17,7.8,3,Detached,281.1
1542018,Silvertown,312597,2020-09-04,3.9,5,Detached,458.1
1402635,Teasdale,435408,2022-08-24,5.9,6,Detached,530.8
1058243,Silvertown,190773,2020-03-31,7.3,3,Detached,278.8
1843860,Teasdale,113923,2022-05-22,3.5,2,Semi-detached,197.2
1489216,Poppleton,71007,2020-01-01,6.1,2,Semi-detached,159.5
1322842,Teasdale,327095,2020-05-21,4.8,5,Detached,450.6
1346419,Poppleton,253259,2021-11-18,0.9,5,Detached,413.6
1777162,Teasdale,219293,2022-05-28,6.9,3,Detached,268
1153336,Silvertown,70274,2022-08-16,8.6,2,Terraced,199.4
1440880,Silvertown,302980,2022-09-02,7.1,5,Detached,447.2
1948897,Silvertown,118429,2022-02-21,5.8,3,Semi-detached,222.3
1229502,Teasdale,124941,2020-07-07,2.1,2,Semi-detached,187
1334370,Silvertown,285345,2020-06-27,7.4,5,Detached,401.5
1094961,Silvertown,397272,2021-11-23,3.9,6,Detached,568.3
1133703,Silvertown,363335,2021-02-20,7.7,5,Detached,488.3
1377408,Riverford,50398,2020-11-04,6.4,2,Semi-detached,133.5
1985931,Silvertown,56394,2021-04-11,9.5,2,Semi-detached,109.1
1899911,Silvertown,410844,2020-10-17,7.9,6,Detached,568.1
1005543,Poppleton,288162,2021-11-10,0.9,6,Detached,507.3
1298872,Teasdale,90193,2022-01-19,0.5,3,Terraced,227.9
1271670,Silvertown,217265,2022-08-07,8.5,3,Detached,297.1
1664387,Poppleton,311544,2020-03-06,5.5,6,Detached,529.2
1393613,Teasdale,343017,2021-05-21,3.3,6,Detached,501.9
1578405,Silvertown,62417,2020-12-06,7.8,2,Semi-detached,130.4
1928410,Silvertown,365837,2020-02-29,5.5,6,Detached,533.3
1968393,Poppleton,322601,2022-12-14,5.3,6,Detached,558.7
1553485,Silvertown,247777,2020-08-15,7.3,4,Detached,379.7
1522393,Silvertown,86379,2021-06-08,8.6,2,Semi-detached,160.2
1978333,Poppleton,30409,2022-08-21,4.7,2,Terraced,105.3
1600667,Teasdale,152308,2020-01-23,6.3,2,Detached,189.9
1921962,Silvertown,307562,2020-08-27,7.6,5,Detached,448.3
1763722,Poppleton,287027,2022-06-14,7.3,5,Detached,466
1879149,Riverford,35523,2022-12-05,7.8,2,Terraced,125
1880734,Poppleton,208833,2020-06-06,5.4,4,Detached,346.8
1042002,Silvertown,193805,2021-06-21,3.5,3,Detached,289.7
1758275,Silvertown,236748,2022-11-17,5.6,4,Detached,319.8
1449920,Silvertown,99443,2022-11-05,2,3,Semi-detached,205.4
1966984,Teasdale,96686,2021-09-11,6.7,2,Semi-detached,173.2
1604376,Teasdale,292180,2020-03-02,7,4,Detached,365.3
1223659,Silvertown,210480,2022-08-26,8,3,Detached,296.9
1421948,Riverford,282749,2021-06-26,5.2,6,Detached,569.6
1506497,Riverford,173809,2022-11-20,7.4,4,Detached,327.6
1929133,Silvertown,295043,2020-03-20,4.3,5,Detached,462.5
1845611,Poppleton,226280,2020-08-03,4.3,4,Detached,395.8
1458664,Riverford,158188,2021-10-21,6.7,4,Detached,323.2
1186775,Silvertown,193180,2021-12-31,5.7,3,Detached,297.6
1093829,Teasdale,249038,2021-04-06,7.3,4,Detached,311.4
1594137,Teasdale,347209,2022-04-20,7.8,5,Detached,428
1113560,Silvertown,417955,2020-12-22,7.3,6,Detached,592.8
1779049,Silvertown,405747,2020-07-05,5.4,6,Detached,560.6
1301881,Poppleton,44574,2021-10-06,3,2,Semi-detached,105.2
1402235,Poppleton,223049,2021-03-22,8.8,4,Detached,368.1
1431486,Silvertown,353427,2022-09-20,2.5,5,Detached,491.1
1024381,Riverford,266265,2022-09-03,3.9,6,Detached,521.5
1353725,Teasdale,315482,2020-07-29,9.1,4,Detached,389.5
1523560,Poppleton,309805,2022-10-27,5.2,6,Detached,519.4
1196305,Poppleton,140642,2020-02-26,4.6,3,Detached,236.7
1518166,Riverford,235179,2021-06-21,7.1,5,Detached,438.2
1647367,Riverford,42211,2022-12-05,4.2,2,Terraced,167.9
1333750,Silvertown,211318,2020-09-23,4.5,4,Detached,304.8
1150035,Poppleton,91539,2022-01-17,3.4,3,Semi-detached,221.8
1063253,Silvertown,379145,2021-11-14,5.8,5,Detached,492.5
1425224,Silvertown,50733,2021-11-27,8.1,2,Semi-detached,107.6
1651736,Poppleton,68686,2020-05-31,5.1,2,Semi-detached,155.9
1864928,Teasdale,238102,2021-08-29,0.3,4,Detached,304.7
1077347,Poppleton,210225,2021-08-31,5.6,4,Detached,339.4
1969997,Teasdale,451084,2021-07-27,9.7,6,Detached,577.7
1501099,Poppleton,283325,2022-09-06,5.1,5,Detached,487.5
1888872,Riverford,241845,2021-07-20,6.2,5,Detached,493.9
1124648,Poppleton,308116,2020-03-11,6,6,Detached,528.8
1495259,Silvertown,322771,2021-02-15,5.5,5,Detached,454.5
1948028,Silvertown,308585,2022-01-09,4.6,5,Detached,415.2
1044250,Silvertown,68511,2021-09-12,6,2,Terraced,192.7
1737424,Poppleton,337045,2020-06-03,5.5,6,Detached,599.2
1100889,Riverford,218489,2020-01-18,4.1,5,Detached,440.6
1471451,Poppleton,200649,2021-09-28,10.6,4,Detached,316.9
1742552,Poppleton,213842,2020-09-06,4.9,4,Detached,370.2
1711759,Riverford,201874,2020-11-16,3.7,5,Detached,408.3
1053842,Silvertown,334180,2021-05-16,6.1,5,Detached,446.5
1397015,Silvertown,411825,2020-04-09,7.1,6,Detached,578
1144422,Riverford,48517,2020-03-21,8.8,2,Semi-detached,128.1
1160218,Poppleton,65783,2022-12-29,3.5,2,Semi-detached,140.3
1364397,Teasdale,85774,2021-01-02,7.3,3,Terraced,219.2
1090643,Silvertown,305999,2020-06-18,8,5,Detached,434.7
1036231,Silvertown,210386,2022-10-22,6.7,3,Detached,297.5
1001061,Silvertown,68536,2022-12-02,6.1,2,Terraced,199.4
1308478,Silvertown,103346,2020-12-22,6.3,2,Semi-detached,191.6
1836537,Teasdale,498989,2021-11-23,6.1,6,Detached,592.4
1436574,Teasdale,89590,2020-02-29,4.4,3,Terraced,234.4
1659015,Silvertown,281059,2020-02-26,1.1,5,Detached,414.2
1554252,Teasdale,178119,2021-08-06,7.7,3,Detached,223.5
1592057,Teasdale,427270,2022-02-08,4.4,6,Detached,524.8
1449995,Teasdale,249276,2020-06-19,3.2,4,Detached,323.6
1000560,Silvertown,52255,2022-08-15,7.6,2,Terraced,158.3
1958763,Teasdale,73098,2021-03-12,5.4,2,Terraced,177.9
1934697,Teasdale,276106,2020-12-20,3.9,4,Detached,339.9
1267549,Poppleton,171368,2021-05-07,8.9,3,Detached,268
1100996,Poppleton,258939,2021-07-05,9.6,5,Detached,432.2
1870398,Poppleton,47778,2022-09-13,6.6,2,Semi-detached,103.1
1962071,Silvertown,181934,2022-12-19,8.2,3,Detached,274.9
1518799,Poppleton,76163,2022-03-09,4.1,2,Semi-detached,171.9
1951333,Riverford,42606,2020-08-06,2.7,2,Semi-detached,112.6
1647240,Silvertown,199213,2020-05-27,6.4,3,Detached,267.4
1264197,Silvertown,101772,2022-10-03,7.1,3,Semi-detached,202.8
1039697,Silvertown,78557,2022-11-22,8.2,2,Semi-detached,148.7
1990551,Riverford,72702,2021-05-25,6.6,2,Semi-detached,188.4
1314817,Silvertown,253307,2020-09-03,6.9,4,Detached,393.7
1519525,Silvertown,77575,2022-01-14,6.3,2,Semi-detached,151.1
1834724,Riverford,263607,2022-01-15,5.8,6,Detached,579.5
1238706,Teasdale,210502,2021-05-07,3.1,3,Detached,271.2
1568879,Teasdale,431147,2020-05-08,6.8,6,Detached,529.3
1228731,Silvertown,247463,2021-02-21,1.4,4,Detached,390
1212594,Poppleton,258385,2021-08-12,3.3,5,Detached,438.3
1070741,Silvertown,100162,2022-12-04,3,2,Semi-detached,197.7
1567942,Poppleton,376129,2020-11-25,5.4,6,Detached,580.5
1202769,Riverford,243084,2021-08-21,6.6,5,Detached,482.1
1816052,Silvertown,96532,2020-01-18,7.1,2,Semi-detached,164.1
1817238,Poppleton,280056,2020-12-05,8.6,5,Detached,457
1059868,Silvertown,389121,2020-07-05,9.2,6,Detached,545.8
1388857,Silvertown,345957,2022-05-04,9.1,5,Detached,470.7
1581097,Silvertown,271507,2020-10-21,7.5,4,Detached,392.6
1331622,Teasdale,381838,2022-01-25,6.5,5,Detached,472.6
1702425,Silvertown,173179,2022-09-09,5,3,Detached,247.2
1192303,Silvertown,184443,2021-06-05,6.3,4,Detached,308.3
1738321,Teasdale,424864,2022-06-22,4.6,6,Detached,535.5
1308006,Riverford,42939,2021-02-02,5.6,2,Terraced,171.2
1413882,Poppleton,261822,2021-03-21,8.9,5,Detached,413.8
1687655,Teasdale,366486,2021-03-06,2.7,6,Detached,536.5
1796812,Riverford,184171,2020-11-10,5,4,Detached,372.9
1409944,Silvertown,295921,2021-02-04,8.7,5,Detached,426
1554227,Silvertown,317831,2020-05-20,3.7,5,Detached,489.6
1741874,Silvertown,85374,2021-02-06,6.3,2,Semi-detached,144.6
1623676,Teasdale,323563,2022-11-29,7.1,5,Detached,407
1283593,Silvertown,39121,2020-11-27,3.3,2,Terraced,109.9
1521813,Silvertown,90597,2022-05-28,6.8,2,Semi-detached,168.7
1482400,Silvertown,371680,2022-04-27,6.6,6,Detached,540.3
1331185,Silvertown,130449,2020-06-23,3.9,2,Detached,188.2
1035488,Silvertown,332120,2021-01-20,9.2,5,Detached,416.6
1968153,Silvertown,78907,2022-02-25,6.7,2,Semi-detached,157.5
1352826,Riverford,37850,2021-05-07,6.5,2,Terraced,150.3
1586558,Riverford,85866,2022-09-23,7.2,3,Semi-detached,210.8
1741272,Poppleton,70910,2022-11-15,6,3,Terraced,238.9
1289045,Silvertown,117159,2022-01-11,2.6,3,Semi-detached,228.4
1962455,Silvertown,369711,2021-10-13,5.6,6,Detached,564.7
1540109,Teasdale,75565,2022-06-25,5.3,2,Terraced,183.9
1803188,Riverford,123638,2021-10-28,7.6,3,Detached,250.5
1476842,Riverford,42444,2021-07-01,8.9,2,Semi-detached,116.4
1075463,Silvertown,283552,2022-03-11,5.3,5,Detached,402.4
1773996,Poppleton,198379,2021-10-27,10.8,4,Detached,310.2
1794958,Teasdale,247856,2020-09-22,5.7,4,Detached,330.9
1205878,Poppleton,193345,2021-12-08,6.1,4,Detached,325.5
1013370,Silvertown,70904,2022-10-31,4,3,Terraced,201.4
1481334,Silvertown,277215,2020-04-08,4.6,4,Detached,383.3
1706569,Riverford,212592,2020-07-21,5.1,5,Detached,409.8
1894462,Poppleton,328301,2021-12-27,5.7,6,Detached,558.7
1915911,Poppleton,258819,2021-01-24,6.7,5,Detached,470.3
1110131,Riverford,184744,2021-08-11,6.7,4,Detached,371
1951794,Poppleton,153171,2021-07-05,5.5,3,Detached,269.5
1552012,Poppleton,224280,2021-11-29,9.6,4,Detached,357
1498610,Poppleton,54568,2020-08-28,3.3,2,Semi-detached,119.6
1473607,Teasdale,95711,2020-06-12,8.3,2,Semi-detached,152.2
1829043,Riverford,245588,2022-05-11,9.5,6,Detached,510.5
1219625,Silvertown,343559,2022-06-15,7.8,5,Detached,477
1760373,Silvertown,185518,2021-05-12,5.3,3,Detached,282.4
1115076,Riverford,179828,2021-05-04,7.8,4,Detached,349.5
1866179,Silvertown,216174,2021-08-29,7.4,3,Detached,294.2
1328735,Riverford,73965,2020-08-08,5.7,2,Semi-detached,194.4
1423023,Poppleton,317996,2020-01-08,6,6,Detached,567.8
1144044,Poppleton,186399,2020-03-17,7.2,4,Detached,308.2
1961446,Silvertown,224027,2022-12-21,8.1,4,Detached,330.4
1431438,Teasdale,247400,2022-04-28,7.9,3,Detached,283
1164773,Teasdale,468873,2022-01-16,6.6,6,Detached,592.4
1061050,Poppleton,67383,2020-08-25,5.3,3,Terraced,225.1
1506794,Riverford,42964,2020-08-25,9.9,2,Semi-detached,112.5
1344855,Silvertown,367503,2022-04-16,6.9,6,Detached,538.6
1853431,Silvertown,98118,2021-12-27,3.9,2,Semi-detached,182.6
1016972,Poppleton,50031,2021-01-03,6.2,2,Terraced,156.3
1095449,Teasdale,367056,2020-03-06,6.6,5,Detached,430.5
1510999,Silvertown,234628,2020-02-09,6,4,Detached,328.3
1938787,Poppleton,68016,2021-09-01,7.9,3,Terraced,221.1
1107600,Teasdale,344442,2022-10-12,6.1,5,Detached,486.4
1457516,Silvertown,42541,2021-05-20,5.7,2,Terraced,119.8
1124601,Riverford,48378,2020-07-05,5.8,2,Terraced,188.5
1588234,Teasdale,70552,2022-01-27,5.1,2,Terraced,196.4
1405932,Silvertown,196322,2022-10-08,5.5,3,Detached,267.4
1951865,Teasdale,87231,2021-04-10,6.8,3,Terraced,218.2
1789052,Teasdale,82910,2020-04-12,3.9,3,Terraced,216.4
1289654,Silvertown,228617,2020-03-10,7.4,4,Detached,331.2
1500973,Poppleton,51815,2020-01-17,6.4,2,Semi-detached,114
1389463,Silvertown,174751,2022-07-16,7.5,3,Detached,269
1415982,Poppleton,181364,2020-04-19,4.9,3,Detached,295.4
1773583,Silvertown,68446,2022-04-22,4.8,2,Semi-detached,139.8
1148943,Teasdale,344711,2020-09-03,5.4,5,Detached,434.5
1590146,Silvertown,238853,2020-02-05,10,4,Detached,351.5
1156244,Silvertown,61053,2022-05-20,4.3,2,Semi-detached,117.3
1881976,Silvertown,362490,2020-11-27,6.4,6,Detached,511.2
1917269,Poppleton,357339,2020-03-23,8.2,6,Detached,575.6
1255852,Teasdale,260542,2020-03-24,4.2,4,Detached,315
1447311,Silvertown,117266,2021-08-12,10.3,3,Semi-detached,233.6
1545697,Teasdale,108806,2020-03-03,3.9,2,Semi-detached,170.7
1665606,Silvertown,210465,2022-12-16,4.4,3,Detached,293.9
1069769,Poppleton,323443,2021-11-17,5.1,6,Detached,512
1708767,Riverford,259551,2021-02-02,5.3,6,Detached,509
1139939,Riverford,156952,2020-03-14,1.1,4,Detached,312.4
1111613,Teasdale,85414,2020-10-03,8.7,3,Terraced,200.6
1258389,Silvertown,78201,2021-10-05,6.8,2,Semi-detached,143
1977134,Silvertown,340499,2020-03-17,7.9,5,Detached,483.9
1447979,Teasdale,88457,2022-04-05,7,3,Terraced,229
1069999,Silvertown,103904,2021-03-20,5.7,3,Semi-detached,201.4
1471178,Poppleton,312916,2021-05-30,3.7,6,Detached,510.3
1965504,Poppleton,326947,2020-10-16,5.3,6,Detached,595.4
1915660,Silvertown,173510,2021-05-28,1.7,3,Detached,246.3
1676284,Poppleton,251761,2021-09-18,7.3,5,Detached,413.7
1577564,Riverford,52314,2020-12-25,2.8,2,Semi-detached,136.4
1737085,Silvertown,308957,2020-05-30,7.4,5,Detached,440.8
1662900,Riverford,170881,2022-10-17,5,4,Detached,320.1
1331466,Silvertown,74571,2021-12-21,7.4,3,Terraced,224.8
1966170,Riverford,201944,2022-04-12,5.6,5,Detached,417.4
1634146,Poppleton,225857,2021-02-10,4.2,4,Detached,373
1106962,Poppleton,67681,2020-10-31,2.6,2,Semi-detached,165.2
1372799,Silvertown,346567,2020-09-13,5.1,5,Detached,464
1039235,Teasdale,263480,2021-01-09,6.1,3,Detached,299.6
1364208,Silvertown,137885,2020-03-28,6.6,2,Detached,197.2
1717737,Silvertown,35872,2020-09-02,7,2,Terraced,103.1
1131154,Teasdale,259608,2020-12-08,4.6,4,Detached,358.3
1029611,Teasdale,236422,2020-05-30,8,3,Detached,274.2
1425871,Silvertown,338521,2022-09-05,2.8,5,Detached,489.3
1468470,Teasdale,352623,2020-02-17,4.4,5,Detached,444.8
1281520,Silvertown,60305,2020-05-10,9.3,2,Semi-detached,122.6
1753521,Silvertown,324784,2022-04-17,6.4,6,Detached,511.2
1785806,Silvertown,123618,2021-01-21,8.9,3,Semi-detached,215.6
1506481,Teasdale,320488,2020-12-27,5,4,Detached,397.3
1838054,Silvertown,260472,2020-07-09,6.2,4,Detached,393.2
1270577,Riverford,174568,2021-07-28,5.4,4,Detached,356.2
1346201,Silvertown,287572,2021-03-17,11,5,Detached,460.7
1442834,Teasdale,65041,2020-10-01,8.5,2,Semi-detached,114.5
1766102,Teasdale,407022,2020-11-03,8.5,6,Detached,518.9
1644433,Poppleton,217615,2022-08-09,6,4,Detached,337.8
1774649,Silvertown,114223,2021-08-28,5,3,Semi-detached,207.5
1685898,Silvertown,276476,2022-05-29,8,4,Detached,381.1
1613830,Silvertown,287666,2020-10-22,6.5,5,Detached,408.3
1159842,Silvertown,72206,2020-03-23,7.4,2,Semi-detached,136.3
1561787,Poppleton,65832,2021-04-12,9.3,3,Terraced,228
1839750,Teasdale,330436,2021-09-17,6.2,5,Detached,407.4
1469407,Riverford,165859,2020-10-28,3.6,4,Detached,334.5
1015154,Poppleton,347114,2021-09-11,3.9,6,Detached,594.1
1446293,Riverford,177780,2021-12-21,6.7,4,Detached,371.8
1572336,Silvertown,180195,2022-01-12,9.4,3,Detached,251.3
1002467,Silvertown,274324,2021-10-14,5.9,4,Detached,389.2
1620607,Teasdale,221774,2020-05-22,4.7,3,Detached,269.2
1024734,Teasdale,334409,2021-05-07,5.8,4,Detached,394.2
1684459,Poppleton,234740,2022-08-18,4.7,4,Detached,392
1511664,Poppleton,314015,2022-12-18,9.8,6,Detached,538.9
1887614,Riverford,188134,2021-06-02,6.2,5,Detached,411.4
1022318,Riverford,284773,2021-04-09,8.4,6,Detached,567
1786470,Silvertown,43988,2020-05-17,3.7,2,Terraced,126.6
1162561,Silvertown,233325,2021-07-29,0.3,4,Detached,308
1875029,Poppleton,50924,2022-05-30,5.2,2,Terraced,166.1
1248897,Poppleton,233743,2021-07-25,5.8,4,Detached,388.7
1372861,Poppleton,241855,2020-01-18,8.5,5,Detached,409.8
1789914,Poppleton,148491,2022-01-30,4.9,3,Detached,254
1574233,Teasdale,363816,2021-05-02,7.6,5,Detached,439.6
1112457,Poppleton,165418,2022-10-11,7.8,3,Detached,258.6
1664987,Riverford,68206,2022-10-13,5.9,2,Semi-detached,168.6
1005041,Silvertown,93773,2021-04-30,7.4,2,Semi-detached,180.4
1801442,Riverford,40589,2021-04-01,4.2,2,Terraced,167.1
1721787,Poppleton,339689,2020-11-01,5.6,6,Detached,561.7
1173156,Teasdale,360183,2020-04-11,9.6,5,Detached,451.8
1172057,Silvertown,155547,2022-03-04,4.1,3,Detached,233.1
1842727,Silvertown,77152,2022-07-14,5.8,2,Semi-detached,142.1
1185632,Silvertown,392669,2021-10-06,4.8,6,Detached,526.6
1250952,Silvertown,55805,2022-08-23,4.1,2,Semi-detached,115.5
1814924,Teasdale,403145,2022-04-10,5.7,5,Detached,489.8
1430379,Silvertown,389722,2020-03-09,7.1,6,Detached,583.8
1267895,Silvertown,68195,2020-01-27,7.2,2,Terraced,184.3
1412171,Poppleton,161796,2022-12-15,6.8,3,Detached,267.1
1504480,Silvertown,67558,2022-05-26,6.1,3,Terraced,202.7
1571001,Silvertown,241740,2020-12-01,6.1,4,Detached,359.5
1294562,Silvertown,58457,2021-03-23,3.6,2,Terraced,157.6
1718951,Silvertown,174371,2020-01-19,9.1,3,Detached,262.8
1622511,Silvertown,476693,2020-07-20,6.5,6,Detached,592.2
1807462,Teasdale,88081,2020-11-28,3.9,3,Terraced,207.8
1302612,Teasdale,368322,2020-07-03,7.8,5,Detached,494
1915646,Silvertown,286151,2020-05-18,8.8,5,Detached,415.8
1780110,Riverford,260529,2020-10-30,7.2,6,Detached,509.3
1159165,Poppleton,81247,2020-09-22,4.3,2,Semi-detached,177
1199977,Poppleton,366429,2021-10-21,8.7,6,Detached,596.2
1981624,Silvertown,239489,2022-07-15,7.5,4,Detached,347.8
1288867,Silvertown,197706,2022-10-10,5.2,3,Detached,290.3
1100877,Silvertown,62884,2022-08-25,6.7,2,Terraced,173.7
1908868,Teasdale,296081,2021-08-04,4.3,4,Detached,366.1
1888662,Teasdale,91123,2020-07-18,7.7,3,Terraced,229.2
1239692,Silvertown,321757,2022-03-03,4.3,5,Detached,421.2
1909044,Silvertown,269052,2020-01-27,8.1,5,Detached,403.7
1907452,Teasdale,268199,2022-03-22,5.9,4,Detached,335.3
1522611,Poppleton,304573,2022-08-26,5.9,6,Detached,531.4
1822825,Poppleton,252017,2020-03-15,5.4,5,Detached,441.2
1321599,Poppleton,231024,2021-04-04,5.4,4,Detached,379
1725013,Riverford,317451,2021-05-21,2.8,6,Detached,586.8
1162727,Silvertown,361850,2020-06-18,6.2,6,Detached,543
1221730,Poppleton,175980,2021-11-17,6.9,3,Detached,290.4
1376443,Poppleton,49373,2021-01-10,7.3,2,Semi-detached,110.4
1018192,Silvertown,215994,2022-10-03,3.7,3,Detached,285.8
1486695,Poppleton,146325,2021-11-08,4.8,3,Detached,269.5
1414031,Poppleton,210698,2021-12-01,5.6,4,Detached,359.7
1971958,Teasdale,257087,2022-05-15,8.1,4,Detached,312.2
1559666,Teasdale,143042,2021-02-19,6.3,3,Semi-detached,224.5
1483354,Poppleton,71327,2021-07-31,7.9,2,Semi-detached,171.7
1323032,Poppleton,67360,2022-05-18,8,3,Terraced,224.8
1738123,Poppleton,140183,2021-07-31,7.2,3,Detached,248.6
1252919,Silvertown,63106,2021-06-02,7.8,2,Terraced,184.5
1922596,Silvertown,334547,2020-10-04,8,5,Detached,489.5
1896466,Poppleton,168085,2020-12-09,6.7,3,Detached,270
1553979,Silvertown,408670,2021-11-24,9.5,6,Detached,550.4
1996575,Poppleton,342201,2020-05-06,6.3,6,Detached,569.1
1039673,Riverford,139799,2022-06-13,9.5,3,Detached,284.5
1801019,Teasdale,405622,2022-04-27,2.1,6,Detached,505.4
1083409,Teasdale,82462,2022-01-17,5.7,3,Terraced,212.2
1813005,Silvertown,302958,2022-09-17,2.3,5,Detached,405.1
1686489,Teasdale,403052,2020-11-20,3.8,6,Detached,520.5
1667019,Teasdale,435345,2020-07-01,5.9,5,Detached,498.5
1169418,Silvertown,304559,2022-12-19,8.9,5,Detached,405.6
1959736,Silvertown,356640,2020-04-07,6.1,6,Detached,524.2
1282341,Silvertown,320857,2022-10-25,6,5,Detached,499
1202977,Silvertown,90544,2020-01-05,3.8,2,Semi-detached,176.1
1595398,Teasdale,274740,2021-11-19,3,4,Detached,341.6
1952316,Poppleton,63788,2021-09-27,7.4,2,Semi-detached,159.4
1993301,Riverford,236992,2020-01-26,4,5,Detached,478.1
1464318,Riverford,311956,2021-06-20,7.6,6,Detached,588.4
1597795,Poppleton,178538,2022-05-17,3.6,3,Detached,291
1794617,Riverford,188435,2022-02-05,6.1,5,Detached,430
1360104,Silvertown,356705,2021-04-16,7.6,6,Detached,509.9
1242269,Silvertown,284860,2022-09-15,5.9,5,Detached,401.9
1674446,Teasdale,84761,2021-03-18,8.5,2,Semi-detached,141.5
1188960,Poppleton,86435,2021-06-06,4.8,2,Semi-detached,175.4
1212646,Poppleton,59268,2020-01-23,6.2,2,Semi-detached,138.6
1196865,Teasdale,390847,2021-10-24,5.5,5,Detached,453
1335815,Silvertown,363896,2020-06-01,7,6,Detached,520.7
1590384,Poppleton,330314,2021-01-05,3.6,6,Detached,576.7
1735848,Silvertown,77489,2021-09-20,5.7,2,Semi-detached,153.3
1788894,Silvertown,169412,2021-01-20,5.6,3,Detached,255.3
1324006,Teasdale,423222,2022-10-12,4.9,6,Detached,537.5
1690955,Silvertown,47007,2021-05-11,7.1,2,Terraced,134.4
1602378,Teasdale,349545,2022-11-12,5.1,5,Detached,423.9
1851633,Silvertown,337862,2021-11-26,5.6,5,Detached,490.4
1437062,Teasdale,324921,2022-07-17,8.5,5,Detached,419.3
1985334,Riverford,94017,2020-12-30,8.1,3,Semi-detached,234.4
1424372,Silvertown,43895,2022-07-02,3,2,Terraced,127.5
1705785,Riverford,56607,2020-01-09,8,2,Semi-detached,152.6
1227683,Teasdale,327157,2020-07-27,6.6,5,Detached,419.7
1519404,Teasdale,406021,2020-11-26,6.9,6,Detached,527.2
1457160,Teasdale,398608,2021-10-30,3.4,6,Detached,516.1
1405749,Riverford,215582,2021-12-31,3.8,5,Detached,435.3
1774093,Riverford,133715,2022-04-12,8.7,3,Detached,277.6
1057800,Poppleton,201733,2021-04-26,5.4,4,Detached,317.9
1113494,Poppleton,347667,2020-07-09,3.3,5,Detached,499
1373996,Teasdale,204116,2021-07-20,6.8,3,Detached,262.5
1036594,Riverford,186845,2021-08-24,6.7,4,Detached,385.8
1981273,Teasdale,128704,2022-02-12,6.8,3,Semi-detached,214.5
1796408,Poppleton,147682,2021-04-12,3.8,3,Detached,265.1
1088339,Teasdale,321299,2021-07-16,7.1,4,Detached,383.3
1841015,Poppleton,203412,2021-02-22,7.9,4,Detached,336.5
1409495,Silvertown,451050,2021-10-31,5.3,6,Detached,598.3
1797302,Silvertown,295448,2020-01-20,7.2,5,Detached,439.9
1195258,Teasdale,464918,2022-11-05,5.8,6,Detached,574
1093717,Teasdale,253079,2021-12-29,8.3,4,Detached,313.6
1647521,Riverford,187265,2022-06-16,7.7,5,Detached,404.7
1760967,Silvertown,114086,2022-07-05,4.6,3,Semi-detached,206.9
1044550,Teasdale,438907,2022-11-17,7.7,6,Detached,562.8
1862298,Silvertown,260903,2020-11-25,2.3,4,Detached,371.7
1155292,Riverford,34129,2022-11-30,4.3,2,Terraced,151.4
1825270,Silvertown,135718,2022-07-28,7.2,3,Semi-detached,239
1551646,Silvertown,333605,2022-10-22,6.4,6,Detached,505.6
1152481,Silvertown,88669,2020-07-31,4.7,2,Semi-detached,173.7
1237327,Riverford,176754,2022-04-18,2.1,4,Detached,384
1123598,Teasdale,99817,2022-05-26,8.8,2,Semi-detached,152.7
1166899,Riverford,244567,2021-11-05,4.2,5,Detached,492.6
1869786,Poppleton,289384,2020-04-12,5.8,5,Detached,460.8
1713446,Riverford,285519,2020-09-21,8.3,6,Detached,588.2
1001379,Silvertown,296463,2020-06-16,8.8,5,Detached,400.5
1569333,Silvertown,64034,2022-02-09,8.8,3,Terraced,201.1
1504899,Teasdale,279409,2021-04-05,5.3,4,Detached,350.9
1174909,Poppleton,201125,2022-02-08,5.1,4,Detached,324.1
1166073,Teasdale,55762,2022-05-16,2.3,2,Terraced,122
1650308,Teasdale,474885,2022-02-11,2.5,6,Detached,589.2
1703006,Poppleton,339898,2022-02-09,5.1,6,Detached,517
1766026,Silvertown,253743,2022-12-29,6.7,4,Detached,350.8
1211152,Teasdale,82852,2022-01-15,5,2,Semi-detached,143
1845825,Poppleton,35312,2020-09-21,7,2,Terraced,119.1
1590345,Silvertown,261327,2020-09-01,6.2,4,Detached,355.1
1567558,Silvertown,213376,2020-06-22,11.2,3,Detached,275.5
1274700,Silvertown,41825,2021-04-02,7.5,2,Terraced,129.1
1129164,Poppleton,335258,2021-10-15,4.3,6,Detached,505.8
1706447,Poppleton,231426,2020-06-09,6.2,4,Detached,339.4
1531171,Silvertown,407818,2022-10-23,5.6,6,Detached,571.7
1054251,Poppleton,301273,2020-01-10,7.8,6,Detached,580.5
1634751,Silvertown,326256,2020-07-17,8.4,5,Detached,449
1719211,Silvertown,309581,2022-12-21,7.5,5,Detached,442
1503675,Poppleton,54641,2021-07-31,5.3,2,Terraced,173
1416340,Teasdale,376433,2021-12-17,2.7,5,Detached,466
1816668,Teasdale,486072,2021-01-11,7.9,6,Detached,580.9
1473418,Silvertown,194001,2022-01-30,5.7,3,Detached,273.8
1235051,Silvertown,121389,2020-11-21,8.1,3,Semi-detached,233.9
1184928,Silvertown,429895,2021-09-21,7.7,6,Detached,578.8
1296800,Riverford,137652,2022-07-25,5.6,3,Detached,277.8
1442995,Poppleton,280742,2022-11-10,3.2,5,Detached,471.7
1943575,Silvertown,57080,2022-10-26,7.4,2,Terraced,168.8
1234826,Riverford,245364,2021-09-30,3.2,5,Detached,472.9
1384822,Riverford,115560,2021-02-06,9.6,3,Detached,250.8
1392717,Silvertown,262168,2021-08-07,5.2,4,Detached,362.1
1051714,Silvertown,90875,2020-07-02,7.9,2,Semi-detached,176.2
1112200,Silvertown,226118,2021-01-21,2.8,3,Detached,288.3
1913014,Riverford,298667,2022-10-26,5.9,6,Detached,586.7
1764894,Teasdale,339558,2022-03-03,6.2,5,Detached,441.1
1374317,Silvertown,206822,2022-01-30,5.1,3,Detached,284.1
1512740,Teasdale,137944,2022-04-08,5.8,3,Semi-detached,229.7
1775786,Poppleton,336356,2022-06-12,6,5,Detached,499.4
1917244,Silvertown,410038,2021-11-07,7.2,6,Detached,584.8
1922459,Silvertown,48700,2022-03-15,6.2,2,Terraced,132.7
1915517,Poppleton,259070,2022-02-28,5.1,5,Detached,463.3
1914768,Silvertown,191746,2021-05-12,8.5,3,Detached,248.9
1154056,Teasdale,335169,2020-05-18,7.5,5,Detached,425.3
1826061,Silvertown,267068,2022-08-01,4.7,5,Detached,402.6
1687634,Teasdale,220327,2020-07-27,5.9,3,Detached,274.2
1457251,Silvertown,190769,2022-03-06,4,3,Detached,266.3
1221656,Silvertown,372865,2022-07-09,6.6,6,Detached,536
1714159,Riverford,281846,2022-09-12,6,6,Detached,557.2
1754113,Silvertown,72189,2022-10-22,8,2,Terraced,197.6
1268671,Riverford,74055,2022-09-20,9.6,2,Semi-detached,176.9
1075453,Teasdale,398414,2020-06-12,5,6,Detached,545.9
1139916,Poppleton,353870,2020-02-14,9.5,6,Detached,522.5
1973029,Poppleton,368274,2022-12-20,9.5,6,Detached,582.8
1238936,Poppleton,332977,2020-10-04,6,6,Detached,546.4
1547812,Silvertown,73860,2020-04-04,6.9,2,Semi-detached,132.5
1012510,Teasdale,384787,2022-01-29,11.7,5,Detached,478.7
1930865,Teasdale,407107,2022-01-31,6.9,6,Detached,537.1
1098478,Teasdale,420146,2021-11-11,7,6,Detached,513.7
1577214,Riverford,234246,2020-03-08,3.4,5,Detached,451.5
1812585,Silvertown,83138,2022-01-06,5.4,3,Terraced,228.9
1656074,Silvertown,167250,2020-08-05,6.7,3,Detached,242.5
1840419,Silvertown,124894,2021-04-21,6.1,3,Semi-detached,220.9
1104680,Silvertown,200746,2021-02-16,8.9,4,Detached,311.6
1476491,Teasdale,310519,2020-01-17,2.9,4,Detached,389.1
1033477,Riverford,38418,2021-08-01,2.3,2,Semi-detached,101
1156714,Silvertown,303022,2021-02-28,6.3,5,Detached,443.5
1370046,Teasdale,233968,2021-03-20,6.5,3,Detached,280.2
1601537,Poppleton,144244,2020-10-02,2.2,3,Detached,248.7
1865186,Teasdale,271037,2022-11-23,9.2,4,Detached,338.4
1867160,Silvertown,415377,2020-04-08,7,6,Detached,594.6
1525260,Riverford,142038,2022-02-04,6.4,3,Detached,284.5
1970675,Silvertown,48534,2022-03-25,5.2,2,Terraced,131
1214416,Poppleton,350007,2022-07-03,9.5,6,Detached,588.7
1734478,Silvertown,251638,2020-10-18,6.5,4,Detached,344.4
1521633,Teasdale,444440,2020-09-02,4.8,6,Detached,574.4
1975383,Teasdale,49268,2022-12-11,7.2,2,Terraced,129.9
1805535,Silvertown,110208,2022-11-12,5.7,2,Semi-detached,199.9
1048368,Silvertown,76550,2020-02-26,5.5,2,Semi-detached,140.9
1597231,Silvertown,356054,2020-02-21,5.5,5,Detached,471.6
1780407,Riverford,65159,2020-06-27,7.1,2,Semi-detached,185.9
1131119,Riverford,270176,2020-04-14,6.6,6,Detached,569.6
1681629,Poppleton,271232,2020-12-20,5.8,5,Detached,464
1887492,Silvertown,314950,2022-05-01,5.2,5,Detached,480.2
1722501,Poppleton,122276,2021-07-16,7.4,2,Detached,197.5
1424869,Poppleton,355161,2022-06-08,4.8,6,Detached,565.1
1996797,Silvertown,55663,2022-07-13,6.6,2,Terraced,144.1
1780120,Silvertown,38137,2020-07-25,7.1,2,Terraced,105
1112155,Silvertown,199806,2021-04-26,5.3,3,Detached,278.6
1953575,Teasdale,236485,2021-04-26,8.2,4,Detached,320.7
1053367,Teasdale,280481,2020-03-12,6.7,4,Detached,392
1487267,Silvertown,72738,2021-11-03,6.1,2,Semi-detached,152.2
1559697,Teasdale,335745,2021-11-04,4.2,5,Detached,400.2
1583503,Poppleton,328622,2021-05-25,5.9,6,Detached,517.5
1937133,Teasdale,436336,2022-03-25,4.6,6,Detached,517
1674331,Poppleton,359901,2020-01-01,7.3,6,Detached,564.5
1925517,Teasdale,69032,2022-03-20,2.5,2,Terraced,180.4
1965856,Teasdale,265479,2020-07-25,9.9,4,Detached,341
1360358,Silvertown,306582,2021-12-13,8,5,Detached,441.3
1554119,Poppleton,140208,2021-10-18,2.1,3,Detached,242.8
1683951,Teasdale,79620,2022-05-26,6.3,2,Semi-detached,136.6
1816563,Teasdale,460177,2021-09-24,8.8,6,Detached,560.7
1982305,Teasdale,43871,2022-08-09,8.3,2,Terraced,104.4
1555991,Teasdale,378276,2021-05-11,8.6,5,Detached,449.8
1616517,Teasdale,143125,2021-08-08,8.4,2,Detached,199.8
1629247,Riverford,144431,2020-07-10,6.5,3,Detached,287.9
1536547,Riverford,166445,2020-06-28,8.1,4,Detached,348.3
1439233,Silvertown,290394,2022-02-19,6.6,4,Detached,396.5
1527458,Riverford,243692,2020-04-16,3.5,6,Detached,516.1
1888647,Teasdale,451393,2020-04-12,8.2,6,Detached,579.2
1700417,Silvertown,327860,2021-12-14,9,5,Detached,449.7
1526757,Teasdale,430911,2022-10-23,6,6,Detached,543.4
1921674,Silvertown,219838,2020-10-29,9.9,4,Detached,340.8
1275861,Teasdale,429652,2022-01-03,3.5,6,Detached,574.8
1015912,Silvertown,317139,2021-12-29,2.9,5,Detached,448.3
1581333,Silvertown,123806,2020-06-11,7.1,3,Semi-detached,232.1
1219397,Teasdale,104582,2020-09-27,6.9,2,Semi-detached,191.4
1509253,Teasdale,224870,2020-06-09,7.2,3,Detached,290.5
1696302,Teasdale,246764,2021-05-28,6.7,4,Detached,314.2
1242617,Teasdale,314801,2020-07-29,4.6,4,Detached,378
1829504,Poppleton,220560,2020-02-28,6.5,4,Detached,385.2
1513368,Silvertown,179380,2020-02-02,3.1,3,Detached,266.5
1115822,Poppleton,147938,2021-03-24,8.2,3,Detached,255.9
1679929,Poppleton,67424,2020-07-13,7.4,2,Semi-detached,150.4
1007395,Silvertown,378679,2020-09-21,4.1,6,Detached,579.5
1441692,Riverford,241027,2022-06-17,7,5,Detached,482.9
1364362,Riverford,242187,2020-11-05,6.6,5,Detached,479.2
1347779,Riverford,166740,2022-11-06,4.1,4,Detached,330.8
1795845,Silvertown,326309,2020-09-29,5.5,5,Detached,496
1985622,Riverford,281847,2022-04-22,6.4,6,Detached,533.3
1425173,Teasdale,397607,2021-11-21,6,6,Detached,501.9
1598962,Poppleton,171050,2021-08-17,6.4,3,Detached,262.6
1141704,Silvertown,60866,2020-06-27,5.2,2,Semi-detached,123.5
1933648,Silvertown,394611,2021-07-31,4.7,6,Detached,556.7
1661909,Teasdale,382785,2022-02-21,4.7,5,Detached,457.8
1553249,Riverford,154352,2020-01-28,7.3,3,Detached,299.4
1774919,Poppleton,154492,2022-10-25,5.4,3,Detached,268
1429169,Silvertown,195841,2021-01-16,5,3,Detached,276.1
1683465,Riverford,65269,2021-02-27,6.7,2,Semi-detached,183.6
1493419,Poppleton,299644,2022-03-03,5.3,6,Detached,512
1204834,Silvertown,267970,2021-01-28,4.4,4,Detached,368.9
1296860,Silvertown,275236,2020-08-09,4.3,4,Detached,367
1524191,Riverford,54332,2021-12-07,6.9,3,Terraced,227.7
1610667,Teasdale,394586,2020-08-09,7.5,5,Detached,468
1354209,Teasdale,213210,2020-07-08,2.7,3,Detached,277.1
1473569,Riverford,48750,2020-10-08,5.5,2,Semi-detached,122
1724688,Silvertown,83749,2022-06-11,9.1,2,Semi-detached,148.8
1760047,Teasdale,216472,2021-11-25,7.6,3,Detached,269.8
1726653,Poppleton,330621,2020-04-24,7.8,6,Detached,562.5
1723525,Teasdale,44131,2020-04-09,7,2,Terraced,110.6
1956880,Teasdale,316948,2022-08-10,5.2,4,Detached,398.9
1637431,Riverford,219578,2021-11-22,7.4,5,Detached,477.9
1656336,Silvertown,234699,2022-05-29,4.8,4,Detached,333.6
1288018,Poppleton,161784,2022-07-28,4.9,3,Detached,274.1
1485055,Teasdale,330108,2020-08-12,4.3,5,Detached,409.2
1932264,Riverford,193714,2022-09-12,5.5,4,Detached,371.5
1759874,Teasdale,264524,2021-03-26,7.8,4,Detached,346.9
1838664,Poppleton,276276,2022-05-29,6,5,Detached,427.3
1705846,Teasdale,200587,2022-04-15,5.1,3,Detached,242.5
1417197,Silvertown,49384,2021-09-12,5,2,Semi-detached,101.9
1383189,Teasdale,232680,2022-07-09,3.5,4,Detached,320.6
1994865,Silvertown,299213,2021-02-07,6.1,5,Detached,479.3
1681799,Teasdale,446210,2022-12-13,8.1,6,Detached,534.2
1680927,Silvertown,224858,2020-06-05,4.6,4,Detached,335.2
1797966,Teasdale,196186,2021-09-13,5.5,3,Detached,261.5
1986180,Teasdale,265159,2020-01-14,7.5,4,Detached,333.6
1574543,Silvertown,120952,2021-05-04,8.9,3,Semi-detached,232.3
1864258,Silvertown,324055,2022-01-11,7.8,5,Detached,473.9
1157262,Teasdale,326599,2021-01-13,10.8,4,Detached,381.2
1584728,Teasdale,385812,2020-05-03,5.1,5,Detached,480.2
1012230,Poppleton,234222,2020-10-14,5.4,4,Detached,393.2
1053212,Silvertown,247784,2021-10-15,5,4,Detached,345
1811920,Teasdale,264766,2020-04-26,3.8,4,Detached,334.9
1912258,Poppleton,359748,2022-02-28,9.5,6,Detached,572.4
1321853,Riverford,199019,2022-01-20,8,5,Detached,415.6
1598413,Poppleton,86211,2022-01-31,5,2,Semi-detached,194.5
1593379,Poppleton,238958,2020-07-16,5.2,4,Detached,381.3
1018110,Teasdale,378727,2021-04-02,3.8,5,Detached,474.8
1991484,Silvertown,69641,2022-11-16,6.2,2,Semi-detached,140.7
1438368,Teasdale,468776,2022-07-03,2.4,6,Detached,594.2
1832618,Poppleton,355910,2021-11-24,4.3,6,Detached,592.8
1870515,Silvertown,81569,2021-04-27,7.5,2,Semi-detached,155.2
1757402,Poppleton,206743,2021-02-20,3.4,4,Detached,382.7
1555362,Teasdale,406260,2022-08-24,5,6,Detached,524.5
1226086,Silvertown,396967,2021-01-01,6.5,6,Detached,574.7
1383631,Silvertown,384269,2020-11-25,7.3,5,Detached,490.9
1859207,Poppleton,209409,2022-01-08,2.7,4,Detached,333.6
1825378,Silvertown,365138,2020-02-16,3.7,6,Detached,518.9
1806162,Poppleton,47624,2022-01-02,6.7,2,Terraced,149
1992176,Poppleton,168829,2021-03-25,5,3,Detached,288.8
1839350,Poppleton,81848,2022-08-31,4.6,3,Semi-detached,200.5
1309459,Silvertown,407603,2020-10-23,7.3,6,Detached,529.3
1770519,Poppleton,215984,2020-05-26,7.3,4,Detached,382.3
1209496,Silvertown,253800,2021-02-21,6.4,4,Detached,381.7
1995119,Poppleton,98132,2021-08-28,7.5,2,Semi-detached,199
1068811,Silvertown,74019,2021-10-13,5.9,2,Semi-detached,146.6
1086416,Riverford,42174,2020-05-01,4.1,2,Semi-detached,118.3
1686342,Teasdale,427000,2022-02-20,2.1,6,Detached,537
1972037,Silvertown,307859,2022-05-23,5.7,5,Detached,418.1
1934993,Teasdale,339027,2020-01-25,6,5,Detached,417.6
1140244,Poppleton,274086,2020-06-11,7.1,5,Detached,438.9
1661170,Riverford,127264,2020-09-28,4.9,3,Detached,241.7
1787326,Teasdale,271894,2021-09-13,3.4,4,Detached,337
1236767,Teasdale,284978,2022-02-10,9.2,4,Detached,363.2
1698478,Poppleton,226167,2020-10-02,5.7,4,Detached,399
1634951,Silvertown,105675,2020-09-07,7,3,Semi-detached,202.7
1863995,Silvertown,109640,2021-05-20,2.1,2,Semi-detached,194.8
1768231,Poppleton,181208,2022-01-03,6.3,4,Detached,315.1
1254519,Silvertown,355656,2021-04-16,6.7,6,Detached,501.7
1078750,Poppleton,201410,2020-09-28,6.4,4,Detached,308.9
1549292,Silvertown,363909,2022-02-02,3.3,5,Detached,494.1
1182033,Teasdale,415150,2022-03-17,2.1,6,Detached,512.9
1999477,Riverford,122742,2021-02-25,4,3,Detached,245.3
1752244,Silvertown,90523,2020-10-12,4.4,2,Semi-detached,169.4
1284838,Poppleton,304921,2021-05-22,4.4,6,Detached,530.1
1307646,Silvertown,58043,2021-09-22,6.1,2,Terraced,158.1
1899630,Teasdale,201178,2020-03-13,5,3,Detached,243.6
1475724,Teasdale,241037,2020-08-04,3.3,3,Detached,291.6
1734632,Silvertown,180973,2020-09-04,8.1,3,Detached,244.1
1499590,Poppleton,255004,2022-04-09,7.6,5,Detached,430.2
1880101,Poppleton,246296,2020-03-22,5.6,5,Detached,407.4
1952137,Riverford,45461,2021-07-08,9.2,2,Terraced,185.5
1084746,Poppleton,264818,2022-07-23,5.9,5,Detached,429
1788634,Poppleton,285757,2021-09-03,12.5,5,Detached,488.2
1357647,Teasdale,299826,2022-01-30,8.3,4,Detached,389.5
1014588,Teasdale,290979,2022-09-27,6.3,4,Detached,345.9
1555243,Poppleton,188728,2022-12-03,5.8,4,Detached,301.3
1967587,Teasdale,216184,2022-05-17,5.4,3,Detached,289.1
1457243,Teasdale,78261,2022-02-17,3.2,2,Semi-detached,134.4
1700318,Silvertown,320895,2021-06-02,6.2,5,Detached,461.8
1684100,Riverford,294050,2022-08-04,8.1,6,Detached,593.6
1013102,Silvertown,175633,2020-04-03,2.9,3,Detached,251.1
1170591,Teasdale,113885,2022-11-17,4.2,2,Semi-detached,178.2
1427778,Teasdale,286749,2021-01-01,3.5,4,Detached,373.5
1895548,Silvertown,319629,2021-12-28,1.3,5,Detached,482.5
1162894,Poppleton,354473,2022-01-02,5.7,6,Detached,579
1271277,Silvertown,91126,2022-08-21,9.5,2,Semi-detached,174.8
1828761,Silvertown,339200,2022-03-24,6.1,5,Detached,477.2
1692915,Poppleton,236633,2022-03-26,4.6,4,Detached,382
1756167,Silvertown,207132,2020-01-19,6.7,4,Detached,304.2
1278827,Riverford,216143,2021-10-06,5.8,5,Detached,427.5
1937520,Riverford,191609,2021-02-01,8,4,Detached,367.5
1509660,Silvertown,393054,2020-08-02,6,6,Detached,566.4
1179755,Silvertown,371804,2022-05-24,6.8,6,Detached,570
1076368,Silvertown,180623,2020-08-16,5.8,3,Detached,266.5
1987271,Poppleton,233589,2022-11-06,3.8,4,Detached,384.8
1535998,Riverford,138833,2021-11-19,7.3,3,Detached,284.2
1481595,Teasdale,241008,2020-10-03,0.3,3,Detached,283.4
1598212,Teasdale,241139,2022-07-11,5.2,3,Detached,293.4
1549200,Poppleton,255873,2020-01-17,8.8,5,Detached,407.8
1919273,Silvertown,298012,2020-08-05,9.1,5,Detached,429.5
1512003,Silvertown,280859,2022-12-21,6.1,4,Detached,369.3
1452168,Poppleton,258418,2020-02-24,7.6,5,Detached,417.2
